version,year,lev_mean,lev_first_q,lev_third_q,wer_mean,wer_first_q,wer_third_q,cer_mean,cer_first_q,cer_third_q,perfect_match,token_ratio,char_ratio
v99.99.99,1980,0.4444444444444444,0.0,1.0,0.05283605283605283,0.0,0.07692307692307693,0.006196337182252675,0.0,0.013513513513513514,0.6666666666666666,0.2222222222222222,0.1111111111111111
v99.99.99,1981,3.6666666666666665,0.0,4.5,0.08796296296296297,0.0,0.15277777777777776,0.05027406893628499,0.0,0.07277397260273973,0.5,0.3333333333333333,0.16666666666666666
v99.99.99,1982,0.0,0.0,0.0,0.0,0.0,0.0,0.0,0.0,0.0,1.0,0.0,0.0
v99.99.99,1983,0.0,0.0,0.0,0.0,0.0,0.0,0.0,0.0,0.0,1.0,0.0,0.0
v99.99.99,1984,1.0,0.0,1.5,0.08333333333333333,0.0,0.125,0.012048192771084336,0.0,0.018072289156626505,0.6666666666666666,0.3333333333333333,0.0
v99.99.99,1985,0.3333333333333333,0.0,0.0,0.028835978835978836,0.0,0.0,0.009043478260869566,0.0,0.0,0.8,0.2,0.0
v99.99.99,1986,0.9333333333333333,0.0,1.5,0.09043290043290043,0.0,0.12142857142857143,0.016459373959373958,0.0,0.033035714285714286,0.6666666666666666,0.2,0.13333333333333333
v99.99.99,1987,0.8333333333333334,0.0,1.0,0.04980936819172113,0.0,0.0875,0.011114282714868943,0.0,0.014186568687487243,0.5833333333333334,0.25,0.16666666666666666
v99.99.99,1988,2.6666666666666665,0.0,1.0,0.2191358024691358,0.0,0.1111111111111111,0.06744354744354746,0.0,0.045454545454545456,0.5555555555555556,0.4444444444444444,0.0
