protocol_id	x	facs	github	NROWS	NCOLS	row_to_check	content	tricky	most_probable_line	lev
data/1950/prot-1950--ak--014.xml	107	https://betalab.kb.se/prot-1950--ak--14/prot_1950__ak__14-107.jp2/_view	https://github.com/welfare-state-analytics/riksdagen-corpus/blob/main/corpus/protocols/1950/prot-1950--ak--14.xml#L10655	99	2	6	guld.		lag	4
data/1950/prot-1950--ak--014.xml	107	https://betalab.kb.se/prot-1950--ak--14/prot_1950__ak__14-107.jp2/_view	https://github.com/welfare-state-analytics/riksdagen-corpus/blob/main/corpus/protocols/1950/prot-1950--ak--14.xml#L10655	99	2	21	gasatt, att dessa inköp på något sätt ifrå-		valutor, och det är inte på något sätt ifrå	16
data/1950/prot-1950--ak--014.xml	107	https://betalab.kb.se/prot-1950--ak--14/prot_1950__ak__14-107.jp2/_view	https://github.com/welfare-state-analytics/riksdagen-corpus/blob/main/corpus/protocols/1950/prot-1950--ak--14.xml#L10655	99	2	28	joner US-dollars eller enligt nuvarande		joner us-dollars eller enligt nuvarande	0
data/1950/prot-1950--ak--014.xml	107	https://betalab.kb.se/prot-1950--ak--14/prot_1950__ak__14-107.jp2/_view	https://github.com/welfare-state-analytics/riksdagen-corpus/blob/main/corpus/protocols/1950/prot-1950--ak--14.xml#L10655	99	2	60	vesteringar, såsom framgår av vad  som		vesteringar, såsom framgår av vad som	0
data/1950/prot-1950--ak--014.xml	107	https://betalab.kb.se/prot-1950--ak--14/prot_1950__ak__14-107.jp2/_view	https://github.com/welfare-state-analytics/riksdagen-corpus/blob/main/corpus/protocols/1950/prot-1950--ak--14.xml#L10655	99	2	90	ha haft föredragningar och ha vid olika		ha haft föredragningar och ha vid olika	0
data/1950/prot-1950--ak--014.xml	107	https://betalab.kb.se/prot-1950--ak--14/prot_1950__ak__14-107.jp2/_view	https://github.com/welfare-state-analytics/riksdagen-corpus/blob/main/corpus/protocols/1950/prot-1950--ak--14.xml#L10655	99	2	93	skottet en rätt stor tveksamhet, åt-		skottet en rätt stor tveksamhet, åtm	1
data/1950/prot-1950--fk--011.xml	1	https://betalab.kb.se/prot-1950--fk--11/prot_1950__fk__11-001.jp2/_view	https://github.com/welfare-state-analytics/riksdagen-corpus/blob/main/corpus/protocols/1950/prot-1950--fk--11.xml#L130	42	1	21	-nr 46, ang. pensionering genom statens pensionsanstalt av bi-		- nr 46, ang. pensionering genom statens pensionsanstalt av bi	2
data/1950/prot-1950--fk--011.xml	1	https://betalab.kb.se/prot-1950--fk--11/prot_1950__fk__11-001.jp2/_view	https://github.com/welfare-state-analytics/riksdagen-corpus/blob/main/corpus/protocols/1950/prot-1950--fk--11.xml#L130	42	1	28	— nr 28, ang. Rätt för jordbrukare att vid inkomsttaxering åtnjuta		- nr 28, ang. rätt för jordbrukare att vid inkomsttaxering åtnjuta	0
data/1950/prot-1950--fk--011.xml	1	https://betalab.kb.se/prot-1950--fk--11/prot_1950__fk__11-001.jp2/_view	https://github.com/welfare-state-analytics/riksdagen-corpus/blob/main/corpus/protocols/1950/prot-1950--fk--11.xml#L130	42	1	40	Första kammarens allmänna beredningsutskotts utlåtande nr 11,		första kammarens allmänna beredningsutskotts utlåtande nr 11,	0
data/1951/prot-1951--ak--002.xml	220	https://betalab.kb.se/prot-1951--ak--2/prot_1951__ak__2-220.jp2/_view	https://github.com/welfare-state-analytics/riksdagen-corpus/blob/main/corpus/protocols/1951/prot-1951--ak--2.xml#L19224	96	2	1	Lördagen den 20 januari 1951 em. Nr 2. 221		lördagen den 20 januari 1951 em. nr 2.	4
data/1951/prot-1951--ak--002.xml	220	https://betalab.kb.se/prot-1951--ak--2/prot_1951__ak__2-220.jp2/_view	https://github.com/welfare-state-analytics/riksdagen-corpus/blob/main/corpus/protocols/1951/prot-1951--ak--2.xml#L19224	96	2	11	moraliskt förfömande av vad som skett,		moraliskt fördömande av vad som skett,	1
data/1951/prot-1951--ak--002.xml	220	https://betalab.kb.se/prot-1951--ak--2/prot_1951__ak__2-220.jp2/_view	https://github.com/welfare-state-analytics/riksdagen-corpus/blob/main/corpus/protocols/1951/prot-1951--ak--2.xml#L19224	96	2	12	moraliskt fördömande av vad som skett,		moraliskt fördömande av vad som skett,	0
data/1951/prot-1951--ak--002.xml	220	https://betalab.kb.se/prot-1951--ak--2/prot_1951__ak__2-220.jp2/_view	https://github.com/welfare-state-analytics/riksdagen-corpus/blob/main/corpus/protocols/1951/prot-1951--ak--2.xml#L19224	96	2	17	utgöra en inledning till sådana, utan att		utgöra en inledning till sådana, utan att	0
data/1951/prot-1951--ak--002.xml	220	https://betalab.kb.se/prot-1951--ak--2/prot_1951__ak__2-220.jp2/_view	https://github.com/welfare-state-analytics/riksdagen-corpus/blob/main/corpus/protocols/1951/prot-1951--ak--2.xml#L19224	96	2	85	Herr HEDLUND i Rådom: Herr tal-		herr hedlund i rådom (kort genm	9
data/1951/prot-1951--ak--002.xml	220	https://betalab.kb.se/prot-1951--ak--2/prot_1951__ak__2-220.jp2/_view	https://github.com/welfare-state-analytics/riksdagen-corpus/blob/main/corpus/protocols/1951/prot-1951--ak--2.xml#L19224	96	2	87	selsätta statsmakterna i skilda länder i		selsätta statsmakterna i skilda länder i	0
data/1951/prot-1951--ak--003.xml	10	https://betalab.kb.se/prot-1951--ak--3/prot_1951__ak__3-010.jp2/_view	https://github.com/welfare-state-analytics/riksdagen-corpus/blob/main/corpus/protocols/1951/prot-1951--ak--3.xml#L1059	104	2	23	sendets organisation m. m.;		sendets organisation m. m.;	0
data/1951/prot-1951--ak--003.xml	10	https://betalab.kb.se/prot-1951--ak--3/prot_1951__ak__3-010.jp2/_view	https://github.com/welfare-state-analytics/riksdagen-corpus/blob/main/corpus/protocols/1951/prot-1951--ak--3.xml#L1059	104	2	55	A. Isaksson;		oren e. a. isaksson;	8
data/1951/prot-1951--ak--003.xml	10	https://betalab.kb.se/prot-1951--ak--3/prot_1951__ak__3-010.jp2/_view	https://github.com/welfare-state-analytics/riksdagen-corpus/blob/main/corpus/protocols/1951/prot-1951--ak--3.xml#L1059	104	2	69	nr 117, av herr Swedberg m. fl., om		nr 117, av herr swedberg m. fl., om	0
data/1951/prot-1951--ak--003.xml	10	https://betalab.kb.se/prot-1951--ak--3/prot_1951__ak__3-010.jp2/_view	https://github.com/welfare-state-analytics/riksdagen-corpus/blob/main/corpus/protocols/1951/prot-1951--ak--3.xml#L1059	104	2	75	jordbruksfastighet enligt bokförings-		jordbruksfastighet enligt bokföringsm	1
data/1951/prot-1951--ak--003.xml	10	https://betalab.kb.se/prot-1951--ak--3/prot_1951__ak__3-010.jp2/_view	https://github.com/welfare-state-analytics/riksdagen-corpus/blob/main/corpus/protocols/1951/prot-1951--ak--3.xml#L1059	104	2	76	nr 119, av herr Nilsson I Bästekille,		nr 119, av herr nilsson i bästekille,	0
data/1951/prot-1951--ak--003.xml	10	https://betalab.kb.se/prot-1951--ak--3/prot_1951__ak__3-010.jp2/_view	https://github.com/welfare-state-analytics/riksdagen-corpus/blob/main/corpus/protocols/1951/prot-1951--ak--3.xml#L1059	104	2	90	svenska fruktodlingen m. m.;		svenska fruktodlingen m. m.;	0
data/1951/prot-1951--fk--013.xml	4	https://betalab.kb.se/prot-1951--fk--13/prot_1951__fk__13-004.jp2/_view	https://github.com/welfare-state-analytics/riksdagen-corpus/blob/main/corpus/protocols/1951/prot-1951--fk--13.xml#L461	107	2	21	riksskattenämnden, dels ock anslag un-		riksskattenämnden, dels ock anslag und	1
data/1951/prot-1951--fk--013.xml	4	https://betalab.kb.se/prot-1951--fk--13/prot_1951__fk__13-004.jp2/_view	https://github.com/welfare-state-analytics/riksdagen-corpus/blob/main/corpus/protocols/1951/prot-1951--fk--13.xml#L461	107	2	37	nr 19, i anledning av Kungl. Maj:ts		nr 19, i anledning av kungl. maj:ts	0
data/1951/prot-1951--fk--013.xml	4	https://betalab.kb.se/prot-1951--fk--13/prot_1951__fk__13-004.jp2/_view	https://github.com/welfare-state-analytics/riksdagen-corpus/blob/main/corpus/protocols/1951/prot-1951--fk--13.xml#L461	107	2	39	om ändring i taxeringsförordningen den		om ändring i taxeringsförordningen den	0
data/1951/prot-1951--fk--013.xml	4	https://betalab.kb.se/prot-1951--fk--13/prot_1951__fk__13-004.jp2/_view	https://github.com/welfare-state-analytics/riksdagen-corpus/blob/main/corpus/protocols/1951/prot-1951--fk--13.xml#L461	107	2	55	ombefrielse från skyldigheten att utgöra		om befrielse från skyldigheten att utgör	2
data/1951/prot-1951--fk--013.xml	4	https://betalab.kb.se/prot-1951--fk--13/prot_1951__fk__13-004.jp2/_view	https://github.com/welfare-state-analytics/riksdagen-corpus/blob/main/corpus/protocols/1951/prot-1951--fk--13.xml#L461	107	2	62	om statlig inkomstskatt-		om statlig inkomstskatt;	1
data/1951/prot-1951--fk--013.xml	4	https://betalab.kb.se/prot-1951--fk--13/prot_1951__fk__13-004.jp2/_view	https://github.com/welfare-state-analytics/riksdagen-corpus/blob/main/corpus/protocols/1951/prot-1951--fk--13.xml#L461	107	2	77	beträffande placering av omyndigas pen-		beträffande placering av omyndigas penn	1
data/1952/prot-1952--ak--011.xml	17	https://betalab.kb.se/prot-1952--ak--11/prot_1952__ak__11-017.jp2/_view	https://github.com/welfare-state-analytics/riksdagen-corpus/blob/main/corpus/protocols/1952/prot-1952--ak--11.xml#L1873	100	2	9	kammarrätten, men när nu svårigheter-		kammarrätten, men när nu svårighetern	1
data/1952/prot-1952--ak--011.xml	17	https://betalab.kb.se/prot-1952--ak--11/prot_1952__ak__11-017.jp2/_view	https://github.com/welfare-state-analytics/riksdagen-corpus/blob/main/corpus/protocols/1952/prot-1952--ak--11.xml#L1873	100	2	13	blem har emellertid inte kommit till 		blem har emellertid inte kommit till	0
data/1952/prot-1952--ak--011.xml	17	https://betalab.kb.se/prot-1952--ak--11/prot_1952__ak__11-017.jp2/_view	https://github.com/welfare-state-analytics/riksdagen-corpus/blob/main/corpus/protocols/1952/prot-1952--ak--11.xml#L1873	100	2	43	Jag tror att den förnämlige represen-		jag tror att den förnämlige represent	1
data/1952/prot-1952--ak--011.xml	17	https://betalab.kb.se/prot-1952--ak--11/prot_1952__ak__11-017.jp2/_view	https://github.com/welfare-state-analytics/riksdagen-corpus/blob/main/corpus/protocols/1952/prot-1952--ak--11.xml#L1873	100	2	55	praxis , så att folk vet vad de kan göra		 praxis, så att folk vet vad de kan göra	2
data/1952/prot-1952--ak--011.xml	17	https://betalab.kb.se/prot-1952--ak--11/prot_1952__ak__11-017.jp2/_view	https://github.com/welfare-state-analytics/riksdagen-corpus/blob/main/corpus/protocols/1952/prot-1952--ak--11.xml#L1873	100	2	76	Det förhåller sig också så, att skatte-		det förhåller sig också så, att skattem	1
data/1952/prot-1952--ak--011.xml	17	https://betalab.kb.se/prot-1952--ak--11/prot_1952__ak__11-017.jp2/_view	https://github.com/welfare-state-analytics/riksdagen-corpus/blob/main/corpus/protocols/1952/prot-1952--ak--11.xml#L1873	100	2	84	tid, efter sex eller sju år, få igen de fel-		tid, efter sex eller sju år, få igen de fela	1
data/1952/prot-1952--fk--015.xml	30	https://betalab.kb.se/prot-1952--fk--15/prot_1952__fk__15-030.jp2/_view	https://github.com/welfare-state-analytics/riksdagen-corpus/blob/main/corpus/protocols/1952/prot-1952--fk--15.xml#L3022	105	2	28	na inte under sådana omständigheter kan		na inte under sådana omständigheter kan	0
data/1952/prot-1952--fk--015.xml	30	https://betalab.kb.se/prot-1952--fk--15/prot_1952__fk__15-030.jp2/_view	https://github.com/welfare-state-analytics/riksdagen-corpus/blob/main/corpus/protocols/1952/prot-1952--fk--15.xml#L3022	105	2	42	ning om bestridande av vissa utgifter för		ning om bestridande av vissa utgifter för	0
data/1952/prot-1952--fk--015.xml	30	https://betalab.kb.se/prot-1952--fk--15/prot_1952__fk__15-030.jp2/_view	https://github.com/welfare-state-analytics/riksdagen-corpus/blob/main/corpus/protocols/1952/prot-1952--fk--15.xml#L3022	105	2	67	lugn verksamhet.		ivt lugn verksamhet.	4
data/1952/prot-1952--fk--015.xml	30	https://betalab.kb.se/prot-1952--fk--15/prot_1952__fk__15-030.jp2/_view	https://github.com/welfare-state-analytics/riksdagen-corpus/blob/main/corpus/protocols/1952/prot-1952--fk--15.xml#L3022	105	2	76	i stil med vad utskottet skrivit		i stil med vad utskottet skrivit	0
data/1952/prot-1952--fk--015.xml	30	https://betalab.kb.se/prot-1952--fk--15/prot_1952__fk__15-030.jp2/_view	https://github.com/welfare-state-analytics/riksdagen-corpus/blob/main/corpus/protocols/1952/prot-1952--fk--15.xml#L3022	105	2	77	uttala min tillfredställelse över att herr		uttala min tillfredsställelse över att her	2
data/1952/prot-1952--fk--015.xml	30	https://betalab.kb.se/prot-1952--fk--15/prot_1952__fk__15-030.jp2/_view	https://github.com/welfare-state-analytics/riksdagen-corpus/blob/main/corpus/protocols/1952/prot-1952--fk--15.xml#L3022	105	2	93	jag hjälps åt i statsutskottet för att få		jag hjälpts åt i statsutskottet för att f	2
data/1953/prot-1953--fk--015.xml	68	https://betalab.kb.se/prot-1953--fk--15/prot_1953__fk__15-069.jp2/_view	https://github.com/welfare-state-analytics/riksdagen-corpus/blob/main/corpus/protocols/1953/prot-1953--fk--15.xml#L6999	102	2	6	skall svara för alla kostnader för vägvä-		skall svara för alla kostnader för vägväs	1
data/1953/prot-1953--fk--015.xml	68	https://betalab.kb.se/prot-1953--fk--15/prot_1953__fk__15-069.jp2/_view	https://github.com/welfare-state-analytics/riksdagen-corpus/blob/main/corpus/protocols/1953/prot-1953--fk--15.xml#L6999	102	2	15	het. Höjningen skall, enligt reservatio-		het. höjningen skall, enligt reservation	1
data/1953/prot-1953--fk--015.xml	68	https://betalab.kb.se/prot-1953--fk--15/prot_1953__fk__15-069.jp2/_view	https://github.com/welfare-state-analytics/riksdagen-corpus/blob/main/corpus/protocols/1953/prot-1953--fk--15.xml#L6999	102	2	25	kommande budgetår. Det har synts mig		kommande budgetår. det har synts mig	0
data/1953/prot-1953--fk--015.xml	68	https://betalab.kb.se/prot-1953--fk--15/prot_1953__fk__15-069.jp2/_view	https://github.com/welfare-state-analytics/riksdagen-corpus/blob/main/corpus/protocols/1953/prot-1953--fk--15.xml#L6999	102	2	46	gjorde till bevillningsutskottets betän-		gjorde till bevillningsutskottets betänk	1
data/1953/prot-1953--fk--015.xml	68	https://betalab.kb.se/prot-1953--fk--15/prot_1953__fk__15-069.jp2/_view	https://github.com/welfare-state-analytics/riksdagen-corpus/blob/main/corpus/protocols/1953/prot-1953--fk--15.xml#L6999	102	2	57	för Kungl. Maj:t att använda detta be-		för kurgl. maj:t att använda detta bem	2
data/1953/prot-1953--fk--015.xml	68	https://betalab.kb.se/prot-1953--fk--15/prot_1953__fk__15-069.jp2/_view	https://github.com/welfare-state-analytics/riksdagen-corpus/blob/main/corpus/protocols/1953/prot-1953--fk--15.xml#L6999	102	2	102	Herr talman! Jag vill blott säga, att det		herr talman! jag vill blott säga, att det	0
data/1954/prot-1954--ak--013.xml	24	https://betalab.kb.se/prot-1954--ak--13/prot_1954__ak__13-024.jp2/_view	https://github.com/welfare-state-analytics/riksdagen-corpus/blob/main/corpus/protocols/1954/prot-1954--ak--13.xml#L2740	94	2	10	kommit in i en återvändsgränd. Det är		kommit in i en återvändsgränd. det är	0
data/1954/prot-1954--ak--013.xml	24	https://betalab.kb.se/prot-1954--ak--13/prot_1954__ak__13-024.jp2/_view	https://github.com/welfare-state-analytics/riksdagen-corpus/blob/main/corpus/protocols/1954/prot-1954--ak--13.xml#L2740	94	2	21	som ursprungligen är avsett. Å andra		som ursprungligen är avsett. å andra	0
data/1954/prot-1954--ak--013.xml	24	https://betalab.kb.se/prot-1954--ak--13/prot_1954__ak__13-024.jp2/_view	https://github.com/welfare-state-analytics/riksdagen-corpus/blob/main/corpus/protocols/1954/prot-1954--ak--13.xml#L2740	94	2	42	säkert att mycket ingående prövas vid		säkert att mycket ingående prövas vid	0
data/1954/prot-1954--ak--013.xml	24	https://betalab.kb.se/prot-1954--ak--13/prot_1954__ak__13-024.jp2/_view	https://github.com/welfare-state-analytics/riksdagen-corpus/blob/main/corpus/protocols/1954/prot-1954--ak--13.xml#L2740	94	2	47	att höra att statsrådet inte anser att den-		att höra att statsrådet inte anser att denn	1
data/1954/prot-1954--ak--013.xml	24	https://betalab.kb.se/prot-1954--ak--13/prot_1954__ak__13-024.jp2/_view	https://github.com/welfare-state-analytics/riksdagen-corpus/blob/main/corpus/protocols/1954/prot-1954--ak--13.xml#L2740	94	2	56	Vad utskottet hemställt bifölls.		vad utskottet hemställt bifölls.	0
data/1954/prot-1954--ak--013.xml	24	https://betalab.kb.se/prot-1954--ak--13/prot_1954__ak__13-024.jp2/_view	https://github.com/welfare-state-analytics/riksdagen-corpus/blob/main/corpus/protocols/1954/prot-1954--ak--13.xml#L2740	94	2	79	givits av herr Ohlon, fröken Anders-		givits av herr ohlon, fröken anderss	1
data/1954/prot-1954--ak--014.xml	8	https://betalab.kb.se/prot-1954--ak--14/prot_1954__ak__14-008.jp2/_view	https://github.com/welfare-state-analytics/riksdagen-corpus/blob/main/corpus/protocols/1954/prot-1954--ak--14.xml#L753	99	2	6	undvikas och tillgängliga resurser säl-		undvikas och tillgängliga resurser sätt	2
data/1954/prot-1954--ak--014.xml	8	https://betalab.kb.se/prot-1954--ak--14/prot_1954__ak__14-008.jp2/_view	https://github.com/welfare-state-analytics/riksdagen-corpus/blob/main/corpus/protocols/1954/prot-1954--ak--14.xml#L753	99	2	19	icke förorda en ordning som innebär		icke förorda en ordning, som innebä	2
data/1954/prot-1954--ak--014.xml	8	https://betalab.kb.se/prot-1954--ak--14/prot_1954__ak__14-008.jp2/_view	https://github.com/welfare-state-analytics/riksdagen-corpus/blob/main/corpus/protocols/1954/prot-1954--ak--14.xml#L753	99	2	31	den för byggnadsforskning		den för byggnadsforskning	0
data/1954/prot-1954--ak--014.xml	8	https://betalab.kb.se/prot-1954--ak--14/prot_1954__ak__14-008.jp2/_view	https://github.com/welfare-state-analytics/riksdagen-corpus/blob/main/corpus/protocols/1954/prot-1954--ak--14.xml#L753	99	2	41	lunda självklart att samarbete och sam		lunda självklart att samarbete och sam	0
data/1954/prot-1954--ak--014.xml	8	https://betalab.kb.se/prot-1954--ak--14/prot_1954__ak__14-008.jp2/_view	https://github.com/welfare-state-analytics/riksdagen-corpus/blob/main/corpus/protocols/1954/prot-1954--ak--14.xml#L753	99	2	80	Byggenskapen inom jordbruket är		byggenskapen inom jordbruket är	0
data/1954/prot-1954--ak--014.xml	8	https://betalab.kb.se/prot-1954--ak--14/prot_1954__ak__14-008.jp2/_view	https://github.com/welfare-state-analytics/riksdagen-corpus/blob/main/corpus/protocols/1954/prot-1954--ak--14.xml#L753	99	2	87	sultat än som blivit fallet. Här har vi		kommitté, som blivit tillsatt för att l	20
data/1955/prot-1955--fk--012.xml	30	https://betalab.kb.se/prot-1955--fk--12/prot_1955__fk__12-030.jp2/_view	https://github.com/welfare-state-analytics/riksdagen-corpus/blob/main/corpus/protocols/1955/prot-1955--fk--12.xml#L3000	98	2	7	andra lagutskottets utlåtande nr 19 an-		andra lagutskottets utlåtande nr 19 ant	1
data/1955/prot-1955--fk--012.xml	30	https://betalab.kb.se/prot-1955--fk--12/prot_1955__fk__12-030.jp2/_view	https://github.com/welfare-state-analytics/riksdagen-corpus/blob/main/corpus/protocols/1955/prot-1955--fk--12.xml#L3000	98	2	15	Nej;		nej;	0
data/1955/prot-1955--fk--012.xml	30	https://betalab.kb.se/prot-1955--fk--12/prot_1955__fk__12-030.jp2/_view	https://github.com/welfare-state-analytics/riksdagen-corpus/blob/main/corpus/protocols/1955/prot-1955--fk--12.xml#L3000	98	2	60	ställt.		ät	5
data/1955/prot-1955--fk--012.xml	30	https://betalab.kb.se/prot-1955--fk--12/prot_1955__fk__12-030.jp2/_view	https://github.com/welfare-state-analytics/riksdagen-corpus/blob/main/corpus/protocols/1955/prot-1955--fk--12.xml#L3000	98	2	66	för budgetåret 1955/56 under tionde hu-		för budgetåret 1955/56 under tionde huv	1
data/1955/prot-1955--fk--012.xml	30	https://betalab.kb.se/prot-1955--fk--12/prot_1955__fk__12-030.jp2/_view	https://github.com/welfare-state-analytics/riksdagen-corpus/blob/main/corpus/protocols/1955/prot-1955--fk--12.xml#L3000	98	2	73	Anslag till ombudsmannaämbetet för nä-		anslag till ombudsmannaämbetet för när	1
data/1955/prot-1955--fk--012.xml	30	https://betalab.kb.se/prot-1955--fk--12/prot_1955__fk__12-030.jp2/_view	https://github.com/welfare-state-analytics/riksdagen-corpus/blob/main/corpus/protocols/1955/prot-1955--fk--12.xml#L3000	98	2	74	Kungl. Maj:t hade föreslagit riksdagen		kungl. maj:t hade föreslagit riksdagen	0
data/1955/prot-1955--ak--032.xml	52	https://betalab.kb.se/prot-1955-höst-ak--32/prot_1955_höst_ak__32-052.jp2/_view	https://github.com/welfare-state-analytics/riksdagen-corpus/blob/main/corpus/protocols/1955/prot-1955-höst-ak--32.xml#L4976	100	2	17	ledning av utredningen eller inte.		ledning av utredningen eller inte.	0
data/1955/prot-1955--ak--032.xml	52	https://betalab.kb.se/prot-1955-höst-ak--32/prot_1955_höst_ak__32-052.jp2/_view	https://github.com/welfare-state-analytics/riksdagen-corpus/blob/main/corpus/protocols/1955/prot-1955-höst-ak--32.xml#L4976	100	2	64	diskrediteras?		rligt diskrediteras?	6
data/1955/prot-1955--ak--032.xml	52	https://betalab.kb.se/prot-1955-höst-ak--32/prot_1955_höst_ak__32-052.jp2/_view	https://github.com/welfare-state-analytics/riksdagen-corpus/blob/main/corpus/protocols/1955/prot-1955-höst-ak--32.xml#L4976	100	2	67	erhållit under senare är genom out-		erhållit under senare år genom outt	2
data/1955/prot-1955--ak--032.xml	52	https://betalab.kb.se/prot-1955-höst-ak--32/prot_1955_höst_ak__32-052.jp2/_view	https://github.com/welfare-state-analytics/riksdagen-corpus/blob/main/corpus/protocols/1955/prot-1955-höst-ak--32.xml#L4976	100	2	98	liga räntebärande obligationer främst		liga räntebärande obligationer främst	0
data/1955/prot-1955--ak--032.xml	52	https://betalab.kb.se/prot-1955-h√∂st-ak--32/prot_1955_h√∂st_ak__32-052.jp2/_view	https://github.com/welfare-state-analytics/riksdagen-corpus/blob/main/corpus/protocols/1955/prot-1955-h√∂st-ak--32.xml#L4976	100	2	3	ning på statens premierobligationer		kning på statens premieobligationer	2
data/1955/prot-1955--ak--032.xml	52	https://betalab.kb.se/prot-1955-h√∂st-ak--32/prot_1955_h√∂st_ak__32-052.jp2/_view	https://github.com/welfare-state-analytics/riksdagen-corpus/blob/main/corpus/protocols/1955/prot-1955-h√∂st-ak--32.xml#L4976	100	2	5	tas I fara. Det vore för övrigt motiverat,		tas i fara. det vore för övrigt motiverat,	0
data/1956/prot-1956--ak--013.xml	81	https://betalab.kb.se/prot-1956--ak--13/prot_1956__ak__13-081.jp2/_view	https://github.com/welfare-state-analytics/riksdagen-corpus/blob/main/corpus/protocols/1956/prot-1956--ak--13.xml#L7956	100	2	42	re sikt, som ju är mycket viktig för att		re sikt, som ju är mycket viktig för att	0
data/1956/prot-1956--ak--013.xml	81	https://betalab.kb.se/prot-1956--ak--13/prot_1956__ak__13-081.jp2/_view	https://github.com/welfare-state-analytics/riksdagen-corpus/blob/main/corpus/protocols/1956/prot-1956--ak--13.xml#L7956	100	2	46	Jag framför en vädjan till socialminis-		jag framför en vädjan till socialminist	1
data/1956/prot-1956--ak--013.xml	81	https://betalab.kb.se/prot-1956--ak--13/prot_1956__ak__13-081.jp2/_view	https://github.com/welfare-state-analytics/riksdagen-corpus/blob/main/corpus/protocols/1956/prot-1956--ak--13.xml#L7956	100	2	53	makterna skall vara beredda att göra		makterna skall vara beredda att göra	0
data/1956/prot-1956--ak--013.xml	81	https://betalab.kb.se/prot-1956--ak--13/prot_1956__ak__13-081.jp2/_view	https://github.com/welfare-state-analytics/riksdagen-corpus/blob/main/corpus/protocols/1956/prot-1956--ak--13.xml#L7956	100	2	91	är att ekonomiska resurser står till för-		är att ekonomiska resurser står till förf	1
data/1956/prot-1956--ak--013.xml	81	https://betalab.kb.se/prot-1956--ak--13/prot_1956__ak__13-081.jp2/_view	https://github.com/welfare-state-analytics/riksdagen-corpus/blob/main/corpus/protocols/1956/prot-1956--ak--13.xml#L7956	100	2	98	>>därest omständingheterna därtill föran-		r »därest omständigheterna därtill föranl	5
data/1956/prot-1956--ak--013.xml	81	https://betalab.kb.se/prot-1956--ak--13/prot_1956__ak__13-081.jp2/_view	https://github.com/welfare-state-analytics/riksdagen-corpus/blob/main/corpus/protocols/1956/prot-1956--ak--13.xml#L7956	100	2	100	der för att riksdagen skall kunna ef-		der för att riksdagen skall kunna ef-	0
data/1956/prot-1956--ak--019.xml	25	https://betalab.kb.se/prot-1956--ak--19/prot_1956__ak__19-025.jp2/_view	https://github.com/welfare-state-analytics/riksdagen-corpus/blob/main/corpus/protocols/1956/prot-1956--ak--19.xml#L2236	107	2	17	gen. Då kom besparingskungörelsen be-		gen. då kom besparingskungörelsen bet	1
data/1956/prot-1956--ak--019.xml	25	https://betalab.kb.se/prot-1956--ak--19/prot_1956__ak__19-025.jp2/_view	https://github.com/welfare-state-analytics/riksdagen-corpus/blob/main/corpus/protocols/1956/prot-1956--ak--19.xml#L2236	107	2	22	sakliga eller konstitutionella invänd-		sakliga eller konstitutionella invändn	1
data/1956/prot-1956--ak--019.xml	25	https://betalab.kb.se/prot-1956--ak--19/prot_1956__ak__19-025.jp2/_view	https://github.com/welfare-state-analytics/riksdagen-corpus/blob/main/corpus/protocols/1956/prot-1956--ak--19.xml#L2236	107	2	24	och därför önskvärt, varför man fann		och därför önskvärt, varför man fann	0
data/1956/prot-1956--ak--019.xml	25	https://betalab.kb.se/prot-1956--ak--19/prot_1956__ak__19-025.jp2/_view	https://github.com/welfare-state-analytics/riksdagen-corpus/blob/main/corpus/protocols/1956/prot-1956--ak--19.xml#L2236	107	2	37	fråga. Jag skal inte här tvista med frö-		fråga. jag skall inte här tvista med frö	2
data/1956/prot-1956--ak--019.xml	25	https://betalab.kb.se/prot-1956--ak--19/prot_1956__ak__19-025.jp2/_view	https://github.com/welfare-state-analytics/riksdagen-corpus/blob/main/corpus/protocols/1956/prot-1956--ak--19.xml#L2236	107	2	43	begärt att få några ytterligare uppgifter		begärt att få några ytterligare uppgifter	0
data/1956/prot-1956--ak--019.xml	25	https://betalab.kb.se/prot-1956--ak--19/prot_1956__ak__19-025.jp2/_view	https://github.com/welfare-state-analytics/riksdagen-corpus/blob/main/corpus/protocols/1956/prot-1956--ak--19.xml#L2236	107	2	104	Nej;		nej;	0
data/1956/prot-1956--ak--009.xml	98	https://betalab.kb.se/prot-1956--ak--9/prot_1956__ak__9-098.jp2/_view	https://github.com/welfare-state-analytics/riksdagen-corpus/blob/main/corpus/protocols/1956/prot-1956--ak--9.xml#L9288	98	2	27	ror. Det rör sig emellertid inte om så		ror. det rör sig emellertid inte om så	0
data/1956/prot-1956--ak--009.xml	98	https://betalab.kb.se/prot-1956--ak--9/prot_1956__ak__9-098.jp2/_view	https://github.com/welfare-state-analytics/riksdagen-corpus/blob/main/corpus/protocols/1956/prot-1956--ak--9.xml#L9288	98	2	40	slöjan och tala om, huruvida man inte		slöjan och tala om, huruvida man inte	0
data/1956/prot-1956--ak--009.xml	98	https://betalab.kb.se/prot-1956--ak--9/prot_1956__ak__9-098.jp2/_view	https://github.com/welfare-state-analytics/riksdagen-corpus/blob/main/corpus/protocols/1956/prot-1956--ak--9.xml#L9288	98	2	46	Herr talman! Det framgår tämligen		herr talman! det framgår ju tämli	6
data/1956/prot-1956--ak--009.xml	98	https://betalab.kb.se/prot-1956--ak--9/prot_1956__ak__9-098.jp2/_view	https://github.com/welfare-state-analytics/riksdagen-corpus/blob/main/corpus/protocols/1956/prot-1956--ak--9.xml#L9288	98	2	47	Herr talman! Det framgår ju tämligen		herr talman! det framgår ju tämligen	0
data/1956/prot-1956--ak--009.xml	98	https://betalab.kb.se/prot-1956--ak--9/prot_1956__ak__9-098.jp2/_view	https://github.com/welfare-state-analytics/riksdagen-corpus/blob/main/corpus/protocols/1956/prot-1956--ak--9.xml#L9288	98	2	69	nisk natur — för att realisera just den		nisk natur - för att realisera just den	0
data/1956/prot-1956--ak--009.xml	98	https://betalab.kb.se/prot-1956--ak--9/prot_1956__ak__9-098.jp2/_view	https://github.com/welfare-state-analytics/riksdagen-corpus/blob/main/corpus/protocols/1956/prot-1956--ak--9.xml#L9288	98	2	97	högtalare eller inte, betalar man i		högtalare eller inte, betalar man i	0
data/1956/prot-1956--fk--011.xml	74	https://betalab.kb.se/prot-1956--fk--11/prot_1956__fk__11-074.jp2/_view	https://github.com/welfare-state-analytics/riksdagen-corpus/blob/main/corpus/protocols/1956/prot-1956--fk--11.xml#L7589	106	2	18	industri och företagsverksamhet att sätta		industri och företagsverksamhet att sätta	0
data/1956/prot-1956--fk--011.xml	74	https://betalab.kb.se/prot-1956--fk--11/prot_1956__fk__11-074.jp2/_view	https://github.com/welfare-state-analytics/riksdagen-corpus/blob/main/corpus/protocols/1956/prot-1956--fk--11.xml#L7589	106	2	20	i gång med stora investeringar. Detta		i gång med stora investeringar. detta	0
data/1956/prot-1956--fk--011.xml	74	https://betalab.kb.se/prot-1956--fk--11/prot_1956__fk__11-074.jp2/_view	https://github.com/welfare-state-analytics/riksdagen-corpus/blob/main/corpus/protocols/1956/prot-1956--fk--11.xml#L7589	106	2	25	gen inte över en natt men dock så, att		gen inte över en natt men dock så, att	0
data/1956/prot-1956--fk--011.xml	74	https://betalab.kb.se/prot-1956--fk--11/prot_1956__fk__11-074.jp2/_view	https://github.com/welfare-state-analytics/riksdagen-corpus/blob/main/corpus/protocols/1956/prot-1956--fk--11.xml#L7589	106	2	30	Jag menar att detta är ett typiskt exem-		jag menar att detta är ett typiskt exemp	1
data/1956/prot-1956--fk--011.xml	74	https://betalab.kb.se/prot-1956--fk--11/prot_1956__fk__11-074.jp2/_view	https://github.com/welfare-state-analytics/riksdagen-corpus/blob/main/corpus/protocols/1956/prot-1956--fk--11.xml#L7589	106	2	37	står ju av människor, och de begår miss-		står ju av människor, och de begår misst	1
data/1956/prot-1956--fk--011.xml	74	https://betalab.kb.se/prot-1956--fk--11/prot_1956__fk__11-074.jp2/_view	https://github.com/welfare-state-analytics/riksdagen-corpus/blob/main/corpus/protocols/1956/prot-1956--fk--11.xml#L7589	106	2	81	för någon annan mening än som här fö-		för någon annan mening än som här för	1
data/1956/prot-1956--fk--017.xml	101	https://betalab.kb.se/prot-1956--fk--17/prot_1956__fk__17-101.jp2/_view	https://github.com/welfare-state-analytics/riksdagen-corpus/blob/main/corpus/protocols/1956/prot-1956--fk--17.xml#L10267	104	2	41	föra, har icke gjort framställning om		föra, har icke gjort framställning om	0
data/1956/prot-1956--fk--017.xml	101	https://betalab.kb.se/prot-1956--fk--17/prot_1956__fk__17-101.jp2/_view	https://github.com/welfare-state-analytics/riksdagen-corpus/blob/main/corpus/protocols/1956/prot-1956--fk--17.xml#L10267	104	2	42	ändring och skall väl därför inte heller		ändring och skall väl därför inte heller	0
data/1956/prot-1956--fk--017.xml	101	https://betalab.kb.se/prot-1956--fk--17/prot_1956__fk__17-101.jp2/_view	https://github.com/welfare-state-analytics/riksdagen-corpus/blob/main/corpus/protocols/1956/prot-1956--fk--17.xml#L10267	104	2	55	som utskottet i detta fall är inne på.		vad utskottet i den nu förevarande pun	17
data/1956/prot-1956--fk--017.xml	101	https://betalab.kb.se/prot-1956--fk--17/prot_1956__fk__17-101.jp2/_view	https://github.com/welfare-state-analytics/riksdagen-corpus/blob/main/corpus/protocols/1956/prot-1956--fk--17.xml#L10267	104	2	57	utskottets anseende,  har jag ingen an-		utskottets anseende, har jag ingen anl	1
data/1956/prot-1956--fk--017.xml	101	https://betalab.kb.se/prot-1956--fk--17/prot_1956__fk__17-101.jp2/_view	https://github.com/welfare-state-analytics/riksdagen-corpus/blob/main/corpus/protocols/1956/prot-1956--fk--17.xml#L10267	104	2	68	andra ärenden, t. ex. lagfrågor, så skul-.		andra ärenden, t. ex. lagfrågor, så skulle	2
data/1956/prot-1956--fk--017.xml	101	https://betalab.kb.se/prot-1956--fk--17/prot_1956__fk__17-101.jp2/_view	https://github.com/welfare-state-analytics/riksdagen-corpus/blob/main/corpus/protocols/1956/prot-1956--fk--17.xml#L10267	104	2	84	kan eller avslag.		tyrkan eller avslag.	3
data/1956/prot-1956--ak--031.xml	74	https://betalab.kb.se/prot-1956-höst-ak--31/prot_1956_höst_ak__31-074.jp2/_view	https://github.com/welfare-state-analytics/riksdagen-corpus/blob/main/corpus/protocols/1956/prot-1956-höst-ak--31.xml#L6969	98	2	19	liv. Den ger, som det med rätta har		liv. den ger, som det med rätta har	0
data/1956/prot-1956--ak--031.xml	74	https://betalab.kb.se/prot-1956-höst-ak--31/prot_1956_höst_ak__31-074.jp2/_view	https://github.com/welfare-state-analytics/riksdagen-corpus/blob/main/corpus/protocols/1956/prot-1956-höst-ak--31.xml#L6969	98	2	26	Naturligtvis kan kyrkan fylla dessa		naturligtvis kan kyrkan fylla dessa	0
data/1956/prot-1956--ak--031.xml	74	https://betalab.kb.se/prot-1956-höst-ak--31/prot_1956_höst_ak__31-074.jp2/_view	https://github.com/welfare-state-analytics/riksdagen-corpus/blob/main/corpus/protocols/1956/prot-1956-höst-ak--31.xml#L6969	98	2	45	större intresse av att polemisera i denna		större intresse av att polemisera i denna	0
data/1956/prot-1956--ak--031.xml	74	https://betalab.kb.se/prot-1956-höst-ak--31/prot_1956_höst_ak__31-074.jp2/_view	https://github.com/welfare-state-analytics/riksdagen-corpus/blob/main/corpus/protocols/1956/prot-1956-höst-ak--31.xml#L6969	98	2	92	Ljungskile verkligen hade velat tänka		ljungskile verkligen hade velat tänka	0
data/1956/prot-1956--fk--029.xml	47	https://betalab.kb.se/prot-1956-höst-fk--29/prot_1956_höst_fk__29-047.jp2/_view	https://github.com/welfare-state-analytics/riksdagen-corpus/blob/main/corpus/protocols/1956/prot-1956-höst-fk--29.xml#L4975	105	2	11	trakterna skulle träförädlingsindustrier		trakterna skulle träförädlingsindustrier	0
data/1956/prot-1956--fk--029.xml	47	https://betalab.kb.se/prot-1956-höst-fk--29/prot_1956_höst_fk__29-047.jp2/_view	https://github.com/welfare-state-analytics/riksdagen-corpus/blob/main/corpus/protocols/1956/prot-1956-höst-fk--29.xml#L4975	105	2	91	sysselsättningen. När nu problemet om		sysselsättningen. när nu problemet om	0
data/1956/prot-1956--fk--029.xml	47	https://betalab.kb.se/prot-1956-höst-fk--29/prot_1956_höst_fk__29-047.jp2/_view	https://github.com/welfare-state-analytics/riksdagen-corpus/blob/main/corpus/protocols/1956/prot-1956-höst-fk--29.xml#L4975	105	2	93	länen, varför då inte företag en gemen-		länen, varför då inte företaga en gemen	2
data/1956/prot-1956--ak--031.xml	74	https://betalab.kb.se/prot-1956-h√∂st-ak--31/prot_1956_h√∂st_ak__31-074.jp2/_view	https://github.com/welfare-state-analytics/riksdagen-corpus/blob/main/corpus/protocols/1956/prot-1956-h√∂st-ak--31.xml#L6969	98	2	40	få förena mig med herr Håstad I det av		få förena mig med herr håstad i det av	0
data/1956/prot-1956--ak--031.xml	74	https://betalab.kb.se/prot-1956-h√∂st-ak--31/prot_1956_h√∂st_ak__31-074.jp2/_view	https://github.com/welfare-state-analytics/riksdagen-corpus/blob/main/corpus/protocols/1956/prot-1956-h√∂st-ak--31.xml#L6969	98	2	74	eller radikalism, men jag trodde i alla		eller radikalism, men jag trodde i alla	0
data/1956/prot-1956--fk--029.xml	47	https://betalab.kb.se/prot-1956-h√∂st-fk--29/prot_1956_h√∂st_fk__29-047.jp2/_view	https://github.com/welfare-state-analytics/riksdagen-corpus/blob/main/corpus/protocols/1956/prot-1956-h√∂st-fk--29.xml#L4975	105	2	24	hålla den fulla sysselsättningen.		hålla den fulla sysselsättningen.	0
data/1956/prot-1956--fk--029.xml	47	https://betalab.kb.se/prot-1956-h√∂st-fk--29/prot_1956_h√∂st_fk__29-047.jp2/_view	https://github.com/welfare-state-analytics/riksdagen-corpus/blob/main/corpus/protocols/1956/prot-1956-h√∂st-fk--29.xml#L4975	105	2	49	en utredning och en överskyn borde ske.		 en utredning och en översyn borde ske.	2
data/1956/prot-1956--fk--029.xml	47	https://betalab.kb.se/prot-1956-h√∂st-fk--29/prot_1956_h√∂st_fk__29-047.jp2/_view	https://github.com/welfare-state-analytics/riksdagen-corpus/blob/main/corpus/protocols/1956/prot-1956-h√∂st-fk--29.xml#L4975	105	2	58	ordas där vissa lättnader på det ekono-		ordas där vissa lättnader på det ekonom	1
data/1957/prot-1957--ak--015.xml	109	https://betalab.kb.se/prot-1957--ak--15/prot_1957__ak__15-109.jp2/_view	https://github.com/welfare-state-analytics/riksdagen-corpus/blob/main/corpus/protocols/1957/prot-1957--ak--15.xml#L10816	101	2	9	inte kunnat täcka alla kostnader för ny-		inte kunnat täcka alla kostnader för nyb	1
data/1957/prot-1957--ak--015.xml	109	https://betalab.kb.se/prot-1957--ak--15/prot_1957__ak__15-109.jp2/_view	https://github.com/welfare-state-analytics/riksdagen-corpus/blob/main/corpus/protocols/1957/prot-1957--ak--15.xml#L10816	101	2	15	dräför 1 400 000 kronor nu skall tagas		 därför 1400 000 kronor nu skall tagas	4
data/1957/prot-1957--ak--015.xml	109	https://betalab.kb.se/prot-1957--ak--15/prot_1957__ak__15-109.jp2/_view	https://github.com/welfare-state-analytics/riksdagen-corpus/blob/main/corpus/protocols/1957/prot-1957--ak--15.xml#L10816	101	2	18	platser skall skjutas ytterliggare på fram-		splatser skall skjutas ytterligare på framt	3
data/1957/prot-1957--ak--015.xml	109	https://betalab.kb.se/prot-1957--ak--15/prot_1957__ak__15-109.jp2/_view	https://github.com/welfare-state-analytics/riksdagen-corpus/blob/main/corpus/protocols/1957/prot-1957--ak--15.xml#L10816	101	2	57	platsbyggen i landsorten får stå till-		platsbyggen i landsorten får stå tillb	1
data/1957/prot-1957--ak--015.xml	109	https://betalab.kb.se/prot-1957--ak--15/prot_1957__ak__15-109.jp2/_view	https://github.com/welfare-state-analytics/riksdagen-corpus/blob/main/corpus/protocols/1957/prot-1957--ak--15.xml#L10816	101	2	62	tion nr 42 i andra kammaren. Det inne-		tion nr 42 i andra kammaren. det inneb	1
data/1957/prot-1957--ak--015.xml	109	https://betalab.kb.se/prot-1957--ak--15/prot_1957__ak__15-109.jp2/_view	https://github.com/welfare-state-analytics/riksdagen-corpus/blob/main/corpus/protocols/1957/prot-1957--ak--15.xml#L10816	101	2	68	för.		herr	3
data/1957/prot-1957--ak--004.xml	3	https://betalab.kb.se/prot-1957--ak--4/prot_1957__ak__4-003.jp2/_view	https://github.com/welfare-state-analytics/riksdagen-corpus/blob/main/corpus/protocols/1957/prot-1957--ak--4.xml#L351	98	2	26	Herr talman! I en med andra kam-		herr talman! i en med andra kamm	1
data/1957/prot-1957--ak--004.xml	3	https://betalab.kb.se/prot-1957--ak--4/prot_1957__ak__4-003.jp2/_view	https://github.com/welfare-state-analytics/riksdagen-corpus/blob/main/corpus/protocols/1957/prot-1957--ak--4.xml#L351	98	2	29	git upp fråga angående beskattning av		git upp fråga angående beskattning av	0
data/1957/prot-1957--ak--004.xml	3	https://betalab.kb.se/prot-1957--ak--4/prot_1957__ak__4-003.jp2/_view	https://github.com/welfare-state-analytics/riksdagen-corpus/blob/main/corpus/protocols/1957/prot-1957--ak--4.xml#L351	98	2	43	skattiningen av ersättningar för rökgas-		eskattningen av ersättningar för rökgass	3
data/1957/prot-1957--ak--004.xml	3	https://betalab.kb.se/prot-1957--ak--4/prot_1957__ak__4-003.jp2/_view	https://github.com/welfare-state-analytics/riksdagen-corpus/blob/main/corpus/protocols/1957/prot-1957--ak--4.xml#L351	98	2	53	komst ger möjlighet för fysiska perso-		komst ger möjlighet för fysiska person	1
data/1957/prot-1957--ak--004.xml	3	https://betalab.kb.se/prot-1957--ak--4/prot_1957__ak__4-003.jp2/_view	https://github.com/welfare-state-analytics/riksdagen-corpus/blob/main/corpus/protocols/1957/prot-1957--ak--4.xml#L351	98	2	64	för att möjliggöra skattelindring i så-		för att möjliggöra skattelindring i såd	1
data/1957/prot-1957--ak--004.xml	3	https://betalab.kb.se/prot-1957--ak--4/prot_1957__ak__4-003.jp2/_view	https://github.com/welfare-state-analytics/riksdagen-corpus/blob/main/corpus/protocols/1957/prot-1957--ak--4.xml#L351	98	2	88	ett samlat övervägande upptar frågan		ett samlat övervägande upptar frågan	0
data/1957/prot-1957--ak--006.xml	147	https://betalab.kb.se/prot-1957--ak--6/prot_1957__ak__6-148.jp2/_view	https://github.com/welfare-state-analytics/riksdagen-corpus/blob/main/corpus/protocols/1957/prot-1957--ak--6.xml#L14500	100	2	12	Alla i lantbruksnämnden var inte eniga.		alla i lantbruksnämnden var inte eniga.	0
data/1957/prot-1957--ak--006.xml	147	https://betalab.kb.se/prot-1957--ak--6/prot_1957__ak__6-148.jp2/_view	https://github.com/welfare-state-analytics/riksdagen-corpus/blob/main/corpus/protocols/1957/prot-1957--ak--6.xml#L14500	100	2	18	liten jordbrukare velat köpa tio tunn-		liten jordbrukare velat köpa tio tunnl	1
data/1957/prot-1957--ak--006.xml	147	https://betalab.kb.se/prot-1957--ak--6/prot_1957__ak__6-148.jp2/_view	https://github.com/welfare-state-analytics/riksdagen-corpus/blob/main/corpus/protocols/1957/prot-1957--ak--6.xml#L14500	100	2	62	har antytts.		som här har antytts.	8
data/1957/prot-1957--ak--006.xml	147	https://betalab.kb.se/prot-1957--ak--6/prot_1957__ak__6-148.jp2/_view	https://github.com/welfare-state-analytics/riksdagen-corpus/blob/main/corpus/protocols/1957/prot-1957--ak--6.xml#L14500	100	2	77	affärer är oriktiga och onyttiga. Det är		affärer är oriktiga och onyttiga. det är	0
data/1957/prot-1957--ak--006.xml	147	https://betalab.kb.se/prot-1957--ak--6/prot_1957__ak__6-148.jp2/_view	https://github.com/welfare-state-analytics/riksdagen-corpus/blob/main/corpus/protocols/1957/prot-1957--ak--6.xml#L14500	100	2	80	sig om vettigt folk, fastän den ene kö-		sig om vettigt folk, fastän den ene köp	1
data/1957/prot-1957--ak--006.xml	147	https://betalab.kb.se/prot-1957--ak--6/prot_1957__ak__6-148.jp2/_view	https://github.com/welfare-state-analytics/riksdagen-corpus/blob/main/corpus/protocols/1957/prot-1957--ak--6.xml#L14500	100	2	93	betala allt kan resultatet inte bli annat		betala allt kan resultatet inte bli annat	0
data/1957/prot-1957--fk--016.xml	46	https://betalab.kb.se/prot-1957--fk--16/prot_1957__fk__16-046.jp2/_view	https://github.com/welfare-state-analytics/riksdagen-corpus/blob/main/corpus/protocols/1957/prot-1957--fk--16.xml#L4673	95	2	9	nr 234, i anledning av Kungl. Maj:ts		nr 234, i anledning av kungl. maj:ts	0
data/1957/prot-1957--fk--016.xml	46	https://betalab.kb.se/prot-1957--fk--16/prot_1957__fk__16-046.jp2/_view	https://github.com/welfare-state-analytics/riksdagen-corpus/blob/main/corpus/protocols/1957/prot-1957--fk--16.xml#L4673	95	2	10	propositionen angående anordnande av en		s proposition angående anordnande av en	4
data/1957/prot-1957--fk--016.xml	46	https://betalab.kb.se/prot-1957--fk--16/prot_1957__fk__16-046.jp2/_view	https://github.com/welfare-state-analytics/riksdagen-corpus/blob/main/corpus/protocols/1957/prot-1957--fk--16.xml#L4673	95	2	13	nr 235, i anledning av Kungl. Maj:ts		nr 235, i anledning av kungl. maj:ts	0
data/1957/prot-1957--fk--016.xml	46	https://betalab.kb.se/prot-1957--fk--16/prot_1957__fk__16-046.jp2/_view	https://github.com/welfare-state-analytics/riksdagen-corpus/blob/main/corpus/protocols/1957/prot-1957--fk--16.xml#L4673	95	2	30	enklad statsbidragsgivning, avseende		enklad statsbidragsgivning, avseende	0
data/1957/prot-1957--fk--016.xml	46	https://betalab.kb.se/prot-1957--fk--16/prot_1957__fk__16-046.jp2/_view	https://github.com/welfare-state-analytics/riksdagen-corpus/blob/main/corpus/protocols/1957/prot-1957--fk--16.xml#L4673	95	2	34	statsutskottets utlåtande:		statsutskottets utlåtanden	1
data/1957/prot-1957--fk--016.xml	46	https://betalab.kb.se/prot-1957--fk--16/prot_1957__fk__16-046.jp2/_view	https://github.com/welfare-state-analytics/riksdagen-corpus/blob/main/corpus/protocols/1957/prot-1957--fk--16.xml#L4673	95	2	90	väckta motioner.		net väckta motioner.	4
data/1957/prot-1957--fk--025.xml	11	https://betalab.kb.se/prot-1957-höst-fk--25/prot_1957_höst_fk__25-011.jp2/_view	https://github.com/welfare-state-analytics/riksdagen-corpus/blob/main/corpus/protocols/1957/prot-1957-höst-fk--25.xml#L1014	100	2	6	fallas.		ja;	6
data/1957/prot-1957--fk--025.xml	11	https://betalab.kb.se/prot-1957-höst-fk--25/prot_1957_höst_fk__25-011.jp2/_view	https://github.com/welfare-state-analytics/riksdagen-corpus/blob/main/corpus/protocols/1957/prot-1957-höst-fk--25.xml#L1014	100	2	33	B. att riksdagen måtte, med bifall till		b. att riksdagen måtte, med bifall till	0
data/1957/prot-1957--fk--025.xml	11	https://betalab.kb.se/prot-1957-höst-fk--25/prot_1957_höst_fk__25-011.jp2/_view	https://github.com/welfare-state-analytics/riksdagen-corpus/blob/main/corpus/protocols/1957/prot-1957-höst-fk--25.xml#L1014	100	2	44	lydelse.		nej;	7
data/1957/prot-1957--fk--025.xml	11	https://betalab.kb.se/prot-1957-höst-fk--25/prot_1957_höst_fk__25-011.jp2/_view	https://github.com/welfare-state-analytics/riksdagen-corpus/blob/main/corpus/protocols/1957/prot-1957-höst-fk--25.xml#L1014	100	2	69	Denna förordning träder i kraft dagen		denna förordning träder i kraft dagen	0
data/1957/prot-1957--fk--025.xml	11	https://betalab.kb.se/prot-1957-h√∂st-fk--25/prot_1957_h√∂st_fk__25-011.jp2/_view	https://github.com/welfare-state-analytics/riksdagen-corpus/blob/main/corpus/protocols/1957/prot-1957-h√∂st-fk--25.xml#L1014	100	2	12	den lydelse, reservationen visade, samt		den lydelse, reservationen visade, samt	0
data/1957/prot-1957--fk--025.xml	11	https://betalab.kb.se/prot-1957-h√∂st-fk--25/prot_1957_h√∂st_fk__25-011.jp2/_view	https://github.com/welfare-state-analytics/riksdagen-corpus/blob/main/corpus/protocols/1957/prot-1957-h√∂st-fk--25.xml#L1014	100	2	20	ordninge, icke måtte föranleda någon		ordningen, icke måtte föranleda någo	2
data/1958/prot-1958-a-ak--017-01.xml	206	https://betalab.kb.se/prot-1958-a-ak--17-01/prot_1958_a_ak__17_01-206.jp2/_view	https://github.com/welfare-state-analytics/riksdagen-corpus/blob/main/corpus/protocols/1958/prot-1958-a-ak--17-01.xml#L19017	102	2	3	om värdefasta obligationer m.m. Det		om värdefasta obligationer ra. m,. 	7
data/1958/prot-1958-a-ak--017-01.xml	206	https://betalab.kb.se/prot-1958-a-ak--17-01/prot_1958_a_ak__17_01-206.jp2/_view	https://github.com/welfare-state-analytics/riksdagen-corpus/blob/main/corpus/protocols/1958/prot-1958-a-ak--17-01.xml#L19017	102	2	29	tiet att göra denna uppvärdering. Skulle		tiet att göra denna uppvärdering. skulle	0
data/1958/prot-1958-a-ak--017-01.xml	206	https://betalab.kb.se/prot-1958-a-ak--17-01/prot_1958_a_ak__17_01-206.jp2/_view	https://github.com/welfare-state-analytics/riksdagen-corpus/blob/main/corpus/protocols/1958/prot-1958-a-ak--17-01.xml#L19017	102	2	34	gång, kanske folkpartiet blir intresserat		gång, kanske folkpartiet blir intresserat	0
data/1958/prot-1958-a-ak--017-01.xml	206	https://betalab.kb.se/prot-1958-a-ak--17-01/prot_1958_a_ak__17_01-206.jp2/_view	https://github.com/welfare-state-analytics/riksdagen-corpus/blob/main/corpus/protocols/1958/prot-1958-a-ak--17-01.xml#L19017	102	2	36	är räntan i varje fall beräknad till 3,5		är räntan i varje fall beräknad till 3,5	0
data/1958/prot-1958-a-ak--017-01.xml	206	https://betalab.kb.se/prot-1958-a-ak--17-01/prot_1958_a_ak__17_01-206.jp2/_view	https://github.com/welfare-state-analytics/riksdagen-corpus/blob/main/corpus/protocols/1958/prot-1958-a-ak--17-01.xml#L19017	102	2	66	procent, och investmentbolagen här i		procent, och investmentbolagen här i	0
data/1958/prot-1958-a-ak--017-01.xml	206	https://betalab.kb.se/prot-1958-a-ak--17-01/prot_1958_a_ak__17_01-206.jp2/_view	https://github.com/welfare-state-analytics/riksdagen-corpus/blob/main/corpus/protocols/1958/prot-1958-a-ak--17-01.xml#L19017	102	2	68	ha riktigt värdefasta placeringar, får		ha riktigt värdefasta placeringar, får	0
data/1958/prot-1958-b-ak--013.xml	141	https://betalab.kb.se/prot-1958-b-ak--13/prot_1958_b_ak__13-141.jp2/_view	https://github.com/welfare-state-analytics/riksdagen-corpus/blob/main/corpus/protocols/1958/prot-1958-b-ak--13.xml#L13482	100	2	3	linjerna förlorar sitt underlag. Det blir		linjerna förlorar sitt underlag. det blir	0
data/1958/prot-1958-b-ak--013.xml	141	https://betalab.kb.se/prot-1958-b-ak--13/prot_1958_b_ak__13-141.jp2/_view	https://github.com/welfare-state-analytics/riksdagen-corpus/blob/main/corpus/protocols/1958/prot-1958-b-ak--13.xml#L13482	100	2	12	vi här skall få möjligheter att rationellt		vi här skall få möjligheter att rationellt	0
data/1958/prot-1958-b-ak--013.xml	97	https://betalab.kb.se/prot-1958-b-ak--13/prot_1958_b_ak__13-097.jp2/_view	https://github.com/welfare-state-analytics/riksdagen-corpus/blob/main/corpus/protocols/1958/prot-1958-b-ak--13.xml#L9252	103	2	58	nytt förordnande. Statsrådet Sträng		nytt förordnande. statsrådet sträng	0
data/1958/prot-1958-b-ak--013.xml	141	https://betalab.kb.se/prot-1958-b-ak--13/prot_1958_b_ak__13-141.jp2/_view	https://github.com/welfare-state-analytics/riksdagen-corpus/blob/main/corpus/protocols/1958/prot-1958-b-ak--13.xml#L13482	100	2	68	åtgärder som medfört ett försämrat		åtgärder som medfört ett försämrat	0
data/1958/prot-1958-b-ak--013.xml	141	https://betalab.kb.se/prot-1958-b-ak--13/prot_1958_b_ak__13-141.jp2/_view	https://github.com/welfare-state-analytics/riksdagen-corpus/blob/main/corpus/protocols/1958/prot-1958-b-ak--13.xml#L13482	100	2	70	I mitt första anförande berörde jag		i mitt första anförande berörde jag	0
data/1958/prot-1958-b-ak--013.xml	97	https://betalab.kb.se/prot-1958-b-ak--13/prot_1958_b_ak__13-097.jp2/_view	https://github.com/welfare-state-analytics/riksdagen-corpus/blob/main/corpus/protocols/1958/prot-1958-b-ak--13.xml#L9252	103	2	79	vudsak följande. Strax efter det att den		vudsak följande. strax efter det att den	0
data/1958/prot-1958-b-ak--013.xml	141	https://betalab.kb.se/prot-1958-b-ak--13/prot_1958_b_ak__13-141.jp2/_view	https://github.com/welfare-state-analytics/riksdagen-corpus/blob/main/corpus/protocols/1958/prot-1958-b-ak--13.xml#L13482	100	2	81	vill då säga att anledningen är att man		vill då säga att anledningen är att man	0
data/1958/prot-1958-b-ak--013.xml	141	https://betalab.kb.se/prot-1958-b-ak--13/prot_1958_b_ak__13-141.jp2/_view	https://github.com/welfare-state-analytics/riksdagen-corpus/blob/main/corpus/protocols/1958/prot-1958-b-ak--13.xml#L13482	100	2	84	taget efter det andra har fått i gång		taget efter det andra har fått i gång	0
data/1958/prot-1958-b-ak--013.xml	97	https://betalab.kb.se/prot-1958-b-ak--13/prot_1958_b_ak__13-097.jp2/_view	https://github.com/welfare-state-analytics/riksdagen-corpus/blob/main/corpus/protocols/1958/prot-1958-b-ak--13.xml#L9252	103	2	91	het i saken, ett preliminärt anmärk-		het i saken, ett preliminärt anmärkn	1
data/1958/prot-1958-b-ak--013.xml	97	https://betalab.kb.se/prot-1958-b-ak--13/prot_1958_b_ak__13-097.jp2/_view	https://github.com/welfare-state-analytics/riksdagen-corpus/blob/main/corpus/protocols/1958/prot-1958-b-ak--13.xml#L9252	103	2	94	Först sedan ett sådant yrkade ställts,		först sedan ett sådant yrkande ställts	2
data/1958/prot-1958-b-ak--013.xml	97	https://betalab.kb.se/prot-1958-b-ak--13/prot_1958_b_ak__13-097.jp2/_view	https://github.com/welfare-state-analytics/riksdagen-corpus/blob/main/corpus/protocols/1958/prot-1958-b-ak--13.xml#L9252	103	2	99	utskottsledamöter begärde också att JO		utskottsledamöter begärde också att jo	0
data/1958/prot-1958-b-ak--013.xml	97	https://betalab.kb.se/prot-1958-b-ak--13/prot_1958_b_ak__13-097.jp2/_view	https://github.com/welfare-state-analytics/riksdagen-corpus/blob/main/corpus/protocols/1958/prot-1958-b-ak--13.xml#L9252	103	2	102	lan avslogs dock av majoriteten.		lan avslogs dock av majoriteten.	0
data/1959/prot-1959--ak--004.xml	10	https://betalab.kb.se/prot-1959--ak--4/prot_1959__ak__4-010.jp2/_view	https://github.com/welfare-state-analytics/riksdagen-corpus/blob/main/corpus/protocols/1959/prot-1959--ak--4.xml#L1005	98	2	37	rar betingelserna för deras näring. Så		rar betingelserna för deras näring. så	0
data/1959/prot-1959--ak--004.xml	10	https://betalab.kb.se/prot-1959--ak--4/prot_1959__ak__4-010.jp2/_view	https://github.com/welfare-state-analytics/riksdagen-corpus/blob/main/corpus/protocols/1959/prot-1959--ak--4.xml#L1005	98	2	39	skatt av 20 öre per kg som riksdagen		skatt av 20 öre per kg som riksdagen	0
data/1959/prot-1959--ak--004.xml	10	https://betalab.kb.se/prot-1959--ak--4/prot_1959__ak__4-010.jp2/_view	https://github.com/welfare-state-analytics/riksdagen-corpus/blob/main/corpus/protocols/1959/prot-1959--ak--4.xml#L1005	98	2	48	»Härvid har utskottet uppmärksam-		»härvid har utskottet uppmärksamm	1
data/1959/prot-1959--ak--004.xml	10	https://betalab.kb.se/prot-1959--ak--4/prot_1959__ak__4-010.jp2/_view	https://github.com/welfare-state-analytics/riksdagen-corpus/blob/main/corpus/protocols/1959/prot-1959--ak--4.xml#L1005	98	2	80	jämförliga länder vidtaga åtgärder för		jämförliga länder vidtaga åtgärder för	0
data/1959/prot-1959--ak--004.xml	10	https://betalab.kb.se/prot-1959--ak--4/prot_1959__ak__4-010.jp2/_view	https://github.com/welfare-state-analytics/riksdagen-corpus/blob/main/corpus/protocols/1959/prot-1959--ak--4.xml#L1005	98	2	93	lever är föräldrarnas svårigheter att i		lever är föräldrarnas svårigheter att i	0
data/1959/prot-1959--ak--004.xml	10	https://betalab.kb.se/prot-1959--ak--4/prot_1959__ak__4-010.jp2/_view	https://github.com/welfare-state-analytics/riksdagen-corpus/blob/main/corpus/protocols/1959/prot-1959--ak--4.xml#L1005	98	2	96	ler uppfostran. Den som själv varje dag		ler uppfostran. den som själv varje dag	0
data/1959/prot-1959--fk--011.xml	22	https://betalab.kb.se/prot-1959--fk--11/prot_1959__fk__11-022.jp2/_view	https://github.com/welfare-state-analytics/riksdagen-corpus/blob/main/corpus/protocols/1959/prot-1959--fk--11.xml#L2255	101	2	35	Den, som bifaller vad jordbruksutskot-		den, som bifaller vad jordbruksutskot-	0
data/1959/prot-1959--fk--011.xml	22	https://betalab.kb.se/prot-1959--fk--11/prot_1959__fk__11-022.jp2/_view	https://github.com/welfare-state-analytics/riksdagen-corpus/blob/main/corpus/protocols/1959/prot-1959--fk--11.xml#L2255	101	2	38	Den, det ej vill, röstar		den, det ej vill, röstar	0
data/1959/prot-1959--fk--011.xml	22	https://betalab.kb.se/prot-1959--fk--11/prot_1959__fk__11-022.jp2/_view	https://github.com/welfare-state-analytics/riksdagen-corpus/blob/main/corpus/protocols/1959/prot-1959--fk--11.xml#L2255	101	2	70	tets hemställan, sig anse denna proposi-		tets hemställan, sig anse denna proposit	1
data/1959/prot-1959--fk--011.xml	22	https://betalab.kb.se/prot-1959--fk--11/prot_1959__fk__11-022.jp2/_view	https://github.com/welfare-state-analytics/riksdagen-corpus/blob/main/corpus/protocols/1959/prot-1959--fk--11.xml#L2255	101	2	71	tion vara med övervägande ja besvarad.		tion vara med övervägande ja besvarad.	0
data/1959/prot-1959--fk--011.xml	22	https://betalab.kb.se/prot-1959--fk--11/prot_1959__fk__11-022.jp2/_view	https://github.com/welfare-state-analytics/riksdagen-corpus/blob/main/corpus/protocols/1959/prot-1959--fk--11.xml#L2255	101	2	96	befunnos vid omröstningens slut röster-		befunnos vid omröstningens slut röstern	1
data/1959/prot-1959--fk--011.xml	22	https://betalab.kb.se/prot-1959--fk--11/prot_1959__fk__11-022.jp2/_view	https://github.com/welfare-state-analytics/riksdagen-corpus/blob/main/corpus/protocols/1959/prot-1959--fk--11.xml#L2255	101	2	101	vit, att han avstode från att rösta 		vit, att han avstode från att rösta	0
data/1959/prot-1959--fk--016.xml	207	https://betalab.kb.se/prot-1959--fk--16/prot_1959__fk__16-208.jp2/_view	https://github.com/welfare-state-analytics/riksdagen-corpus/blob/main/corpus/protocols/1959/prot-1959--fk--16.xml#L20870	107	2	28	miljoner kronor kommer att användas.		miljoner kronor kommer att användas.	0
data/1959/prot-1959--fk--016.xml	207	https://betalab.kb.se/prot-1959--fk--16/prot_1959__fk__16-208.jp2/_view	https://github.com/welfare-state-analytics/riksdagen-corpus/blob/main/corpus/protocols/1959/prot-1959--fk--16.xml#L20870	107	2	53	vi hade ett finansinstitut här i Sverige,		vi hade ett finansinstitut här i sverige,	0
data/1959/prot-1959--fk--016.xml	207	https://betalab.kb.se/prot-1959--fk--16/prot_1959__fk__16-208.jp2/_view	https://github.com/welfare-state-analytics/riksdagen-corpus/blob/main/corpus/protocols/1959/prot-1959--fk--16.xml#L20870	107	2	59	riktigt bra, ty den råkade ut för ett		riktigt bra, ty den råkade ut för ctt	1
data/1959/prot-1959--fk--016.xml	207	https://betalab.kb.se/prot-1959--fk--16/prot_1959__fk__16-208.jp2/_view	https://github.com/welfare-state-analytics/riksdagen-corpus/blob/main/corpus/protocols/1959/prot-1959--fk--16.xml#L20870	107	2	65	men vi vet ingenting. Under sådana		men vi vet ingenting. under sådana	0
data/1959/prot-1959--fk--016.xml	207	https://betalab.kb.se/prot-1959--fk--16/prot_1959__fk__16-208.jp2/_view	https://github.com/welfare-state-analytics/riksdagen-corpus/blob/main/corpus/protocols/1959/prot-1959--fk--16.xml#L20870	107	2	88	517 miljoner kronor. Det är inte risk		å 517 miljoner kronor. det är en risk	5
data/1959/prot-1959--fk--016.xml	207	https://betalab.kb.se/prot-1959--fk--16/prot_1959__fk__16-208.jp2/_view	https://github.com/welfare-state-analytics/riksdagen-corpus/blob/main/corpus/protocols/1959/prot-1959--fk--16.xml#L20870	107	2	92	kan bedöma vårt eget läge, är det då		kan bedöma vårt eget läge, är det då	0
