pdf_url,docDate
https://pdf.swedeb.se/riksdagen-records-pdf/1867/prot-1867--ak--0510.pdf,1867-05-10
https://pdf.swedeb.se/riksdagen-records-pdf/1867/prot-1867--fk--0426.pdf,1867-04-26
https://pdf.swedeb.se/riksdagen-records-pdf/1868/prot-1868--ak--0313.pdf,1868-03-13
https://pdf.swedeb.se/riksdagen-records-pdf/1868/prot-1868--fk--0229.pdf,1868-02-29
https://pdf.swedeb.se/riksdagen-records-pdf/1869/prot-1869--ak--0310.pdf,1869-03-10
https://pdf.swedeb.se/riksdagen-records-pdf/1869/prot-1869--fk--0507.pdf,1869-05-07
https://pdf.swedeb.se/riksdagen-records-pdf/1870/prot-1870--ak--0504.pdf,1870-05-04
https://pdf.swedeb.se/riksdagen-records-pdf/1870/prot-1870--fk--0330.pdf,1870-03-30
https://pdf.swedeb.se/riksdagen-records-pdf/1871/prot-1871--ak--0512.pdf,1871-05-12
https://pdf.swedeb.se/riksdagen-records-pdf/1871/prot-1871--fk--0218.pdf,1871-02-18
https://pdf.swedeb.se/riksdagen-records-pdf/1872/prot-1872--ak--0207.pdf,1872-02-07
https://pdf.swedeb.se/riksdagen-records-pdf/1872/prot-1872--fk--0320.pdf,1872-03-20
https://pdf.swedeb.se/riksdagen-records-pdf/1873/prot-1873--ak--0322.pdf,1873-03-22
https://pdf.swedeb.se/riksdagen-records-pdf/1873/prot-1873--fk--0523.pdf,1873-05-23
https://pdf.swedeb.se/riksdagen-records-pdf/1874/prot-1874--ak--0411.pdf,1874-04-11
https://pdf.swedeb.se/riksdagen-records-pdf/1874/prot-1874--fk--0120.pdf,1874-01-20
https://pdf.swedeb.se/riksdagen-records-pdf/1875/prot-1875--ak--019.pdf,1875-03-13
https://pdf.swedeb.se/riksdagen-records-pdf/1875/prot-1875--fk--042.pdf,1875-05-18
https://pdf.swedeb.se/riksdagen-records-pdf/1876/prot-1876--ak--009.pdf,1876-02-19
https://pdf.swedeb.se/riksdagen-records-pdf/1876/prot-1876--fk--004.pdf,1876-02-05
https://pdf.swedeb.se/riksdagen-records-pdf/1876/prot-1876--fk--004.pdf,1876-02-09
https://pdf.swedeb.se/riksdagen-records-pdf/1876/prot-1876--fk--004.pdf,1876-02-12
https://pdf.swedeb.se/riksdagen-records-pdf/1877/prot-1877--ak--024.pdf,1877-03-16
https://pdf.swedeb.se/riksdagen-records-pdf/1877/prot-1877--ak--024.pdf,1877-03-17
https://pdf.swedeb.se/riksdagen-records-pdf/1877/prot-1877--ak--024.pdf,1877-03-20
https://pdf.swedeb.se/riksdagen-records-pdf/1877/prot-1877--fk--032.pdf,1877-04-28
https://pdf.swedeb.se/riksdagen-records-pdf/1878/prot-1878--ak--057.pdf,1878-05-11
https://pdf.swedeb.se/riksdagen-records-pdf/1878/prot-1878--fk--016.pdf,1878-03-11
https://pdf.swedeb.se/riksdagen-records-pdf/1878/prot-1878--fk--016.pdf,1878-03-13
https://pdf.swedeb.se/riksdagen-records-pdf/1879/prot-1879--ak--059.pdf,1879-05-11
https://pdf.swedeb.se/riksdagen-records-pdf/1879/prot-1879--ak--059.pdf,1879-05-12
https://pdf.swedeb.se/riksdagen-records-pdf/1879/prot-1879--fk--036.pdf,1879-05-06
https://pdf.swedeb.se/riksdagen-records-pdf/1880/prot-1880--ak--003.pdf,1880-01-21
https://pdf.swedeb.se/riksdagen-records-pdf/1880/prot-1880--ak--003.pdf,1880-01-23
https://pdf.swedeb.se/riksdagen-records-pdf/1880/prot-1880--ak--003.pdf,1880-01-24
https://pdf.swedeb.se/riksdagen-records-pdf/1880/prot-1880--fk--042.pdf,1880-05-10
https://pdf.swedeb.se/riksdagen-records-pdf/1881/prot-1881--ak--003.pdf,1881-01-26
https://pdf.swedeb.se/riksdagen-records-pdf/1881/prot-1881--fk--021.pdf,1881-03-19
https://pdf.swedeb.se/riksdagen-records-pdf/1882/prot-1882--ak--055.pdf,1882-05-11
https://pdf.swedeb.se/riksdagen-records-pdf/1882/prot-1882--fk--033.pdf,1882-04-27
https://pdf.swedeb.se/riksdagen-records-pdf/1883/prot-1883--ak--049.pdf,1883-05-21
https://pdf.swedeb.se/riksdagen-records-pdf/1883/prot-1883--fk--032.pdf,1883-05-05
https://pdf.swedeb.se/riksdagen-records-pdf/1884/prot-1884--ak--007.pdf,1884-02-08
https://pdf.swedeb.se/riksdagen-records-pdf/1884/prot-1884--ak--007.pdf,1884-02-09
https://pdf.swedeb.se/riksdagen-records-pdf/1884/prot-1884--fk--006.pdf,1884-02-12
https://pdf.swedeb.se/riksdagen-records-pdf/1884/prot-1884--fk--006.pdf,1884-02-13
https://pdf.swedeb.se/riksdagen-records-pdf/1885/prot-1885--ak--019.pdf,1885-03-06
https://pdf.swedeb.se/riksdagen-records-pdf/1885/prot-1885--ak--019.pdf,1885-03-07
https://pdf.swedeb.se/riksdagen-records-pdf/1885/prot-1885--fk--016.pdf,1885-03-14
https://pdf.swedeb.se/riksdagen-records-pdf/1886/prot-1886--ak--060.pdf,1886-05-15
https://pdf.swedeb.se/riksdagen-records-pdf/1886/prot-1886--ak--060.pdf,1886-05-16
https://pdf.swedeb.se/riksdagen-records-pdf/1886/prot-1886--ak--060.pdf,1886-05-17
https://pdf.swedeb.se/riksdagen-records-pdf/1886/prot-1886--ak--060.pdf,1886-05-18
https://pdf.swedeb.se/riksdagen-records-pdf/1886/prot-1886--ak--060.pdf,1886-06-02
https://pdf.swedeb.se/riksdagen-records-pdf/1886/prot-1886--fk--009.pdf,1886-02-20
https://pdf.swedeb.se/riksdagen-records-pdf/1886/prot-1886--fk--009.pdf,1886-02-23
https://pdf.swedeb.se/riksdagen-records-pdf/1886/prot-1886--fk--009.pdf,1886-02-24
https://pdf.swedeb.se/riksdagen-records-pdf/1887/prot-1887-janmar-ak--016.pdf,1887-03-02
https://pdf.swedeb.se/riksdagen-records-pdf/1887/prot-1887-majjul-fk--022.pdf,1887-06-28
https://pdf.swedeb.se/riksdagen-records-pdf/1888/prot-1888--ak--023.pdf,1887-03-17
https://pdf.swedeb.se/riksdagen-records-pdf/1888/prot-1888--ak--023.pdf,1887-03-20
https://pdf.swedeb.se/riksdagen-records-pdf/1888/prot-1888--fk--027.pdf,1888-04-20
https://pdf.swedeb.se/riksdagen-records-pdf/1889/prot-1889--ak--047.pdf,1889-05-08
https://pdf.swedeb.se/riksdagen-records-pdf/1889/prot-1889--fk--035.pdf,1889-05-01
https://pdf.swedeb.se/riksdagen-records-pdf/1890/prot-1890--ak--011.pdf,1890-03-01
https://pdf.swedeb.se/riksdagen-records-pdf/1890/prot-1890--fk--038.pdf,1890-05-16
https://pdf.swedeb.se/riksdagen-records-pdf/1891/prot-1891--ak--044.pdf,1891-05-04
https://pdf.swedeb.se/riksdagen-records-pdf/1891/prot-1891--fk--020.pdf,1891-04-18
https://pdf.swedeb.se/riksdagen-records-pdf/1891/prot-1891--fk--020.pdf,1891-04-21
https://pdf.swedeb.se/riksdagen-records-pdf/1892/prot-1892--ak--043.pdf,1892-05-12
https://pdf.swedeb.se/riksdagen-records-pdf/1892/prot-1892--fk--019.pdf,1892-03-29
https://pdf.swedeb.se/riksdagen-records-pdf/1892/prot-1892--fk--019.pdf,1892-03-30
https://pdf.swedeb.se/riksdagen-records-pdf/1892/prot-1892--fk--019.pdf,1892-04-01
https://pdf.swedeb.se/riksdagen-records-pdf/1893/prot-1893--ak--040.pdf,1893-04-29
https://pdf.swedeb.se/riksdagen-records-pdf/1893/prot-1893--ak--040.pdf,1893-05-01
https://pdf.swedeb.se/riksdagen-records-pdf/1893/prot-1893--fk--029.pdf,1893-04-19
https://pdf.swedeb.se/riksdagen-records-pdf/1893/prot-1893--fk--029.pdf,1893-04-21
https://pdf.swedeb.se/riksdagen-records-pdf/1894/prot-1894--ak--018.pdf,1894-03-15
https://pdf.swedeb.se/riksdagen-records-pdf/1894/prot-1894--ak--018.pdf,1894-03-16
https://pdf.swedeb.se/riksdagen-records-pdf/1894/prot-1894--fk--005.pdf,1894-02-09
https://pdf.swedeb.se/riksdagen-records-pdf/1894/prot-1894--fk--005.pdf,1894-02-10
https://pdf.swedeb.se/riksdagen-records-pdf/1894/prot-1894--fk--005.pdf,1894-02-13
https://pdf.swedeb.se/riksdagen-records-pdf/1895/prot-1895--ak--001.pdf,1895-01-16
https://pdf.swedeb.se/riksdagen-records-pdf/1895/prot-1895--ak--001.pdf,1895-01-17
https://pdf.swedeb.se/riksdagen-records-pdf/1895/prot-1895--fk--031.pdf,1895-05-08
https://pdf.swedeb.se/riksdagen-records-pdf/1896/prot-1896--ak--025-01.pdf,1896-03-28
https://pdf.swedeb.se/riksdagen-records-pdf/1896/prot-1896--ak--025-01.pdf,1896-04-02
https://pdf.swedeb.se/riksdagen-records-pdf/1896/prot-1896--fk--002.pdf,1896-01-21
https://pdf.swedeb.se/riksdagen-records-pdf/1896/prot-1896--fk--002.pdf,1896-01-22
https://pdf.swedeb.se/riksdagen-records-pdf/1897/prot-1897--ak--044.pdf,1897-05-12
https://pdf.swedeb.se/riksdagen-records-pdf/1897/prot-1897--fk--013.pdf,1897-03-17
https://pdf.swedeb.se/riksdagen-records-pdf/1897/prot-1897--fk--013.pdf,1897-03-19
https://pdf.swedeb.se/riksdagen-records-pdf/1898/prot-1898--ak--019.pdf,1898-03-22
https://pdf.swedeb.se/riksdagen-records-pdf/1898/prot-1898--ak--019.pdf,1898-03-23
https://pdf.swedeb.se/riksdagen-records-pdf/1898/prot-1898--ak--019.pdf,1898-03-25
https://pdf.swedeb.se/riksdagen-records-pdf/1898/prot-1898--fk--034.pdf,1898-05-08
https://pdf.swedeb.se/riksdagen-records-pdf/1898/prot-1898--fk--034.pdf,1898-05-09
https://pdf.swedeb.se/riksdagen-records-pdf/1899/prot-1899--ak--004.pdf,1899-01-30
https://pdf.swedeb.se/riksdagen-records-pdf/1899/prot-1899--ak--004.pdf,1899-02-01
https://pdf.swedeb.se/riksdagen-records-pdf/1899/prot-1899--ak--004.pdf,1899-02-04
https://pdf.swedeb.se/riksdagen-records-pdf/1899/prot-1899--fk--006.pdf,1899-02-10
https://pdf.swedeb.se/riksdagen-records-pdf/1899/prot-1899--fk--006.pdf,1899-02-14
https://pdf.swedeb.se/riksdagen-records-pdf/1899/prot-1899--fk--006.pdf,1899-02-15
https://pdf.swedeb.se/riksdagen-records-pdf/1899/prot-1899--fk--006.pdf,1899-02-17
https://pdf.swedeb.se/riksdagen-records-pdf/1900/prot-1900--ak--023.pdf,1900-03-16
https://pdf.swedeb.se/riksdagen-records-pdf/1900/prot-1900--fk--020.pdf,1900-03-21
https://pdf.swedeb.se/riksdagen-records-pdf/1901/prot-1901--ak--038.pdf,1901-05-17
https://pdf.swedeb.se/riksdagen-records-pdf/1901/prot-1901--fk--007.pdf,1901-02-12
https://pdf.swedeb.se/riksdagen-records-pdf/1901/prot-1901--fk--007.pdf,1901-02-13
https://pdf.swedeb.se/riksdagen-records-pdf/1902/prot-1902--ak--048.pdf,1902-05-10
https://pdf.swedeb.se/riksdagen-records-pdf/1902/prot-1902--fk--027.pdf,1902-04-26
https://pdf.swedeb.se/riksdagen-records-pdf/1903/prot-1903--ak--009.pdf,1903-02-03
https://pdf.swedeb.se/riksdagen-records-pdf/1903/prot-1903--ak--009.pdf,1903-02-04
https://pdf.swedeb.se/riksdagen-records-pdf/1903/prot-1903--fk--016.pdf,1903-02-21
https://pdf.swedeb.se/riksdagen-records-pdf/1904/prot-1904--ak--042.pdf,1904-04-20
https://pdf.swedeb.se/riksdagen-records-pdf/1904/prot-1904--fk--017.pdf,1904-02-17
https://pdf.swedeb.se/riksdagen-records-pdf/1905/prot-1905--ak--008.pdf,1905-02-04
https://pdf.swedeb.se/riksdagen-records-pdf/1905/prot-1905--fk--047.pdf,1905-05-16
https://pdf.swedeb.se/riksdagen-records-pdf/1906/prot-1906--ak--004.pdf,1906-01-23
https://pdf.swedeb.se/riksdagen-records-pdf/1906/prot-1906--ak--004.pdf,1906-01-24
https://pdf.swedeb.se/riksdagen-records-pdf/1906/prot-1906--fk--019.pdf,1906-03-02
https://pdf.swedeb.se/riksdagen-records-pdf/1906/prot-1906--fk--019.pdf,1906-03-03
https://pdf.swedeb.se/riksdagen-records-pdf/1907/prot-1907--ak--062.pdf,1907-05-21
https://pdf.swedeb.se/riksdagen-records-pdf/1907/prot-1907--fk--022.pdf,1907-03-28
https://pdf.swedeb.se/riksdagen-records-pdf/1908/prot-1908--ak--027.pdf,1908-03-14
https://pdf.swedeb.se/riksdagen-records-pdf/1908/prot-1908--fk--053.pdf,1908-05-15
https://pdf.swedeb.se/riksdagen-records-pdf/1909/prot-1909--ak--034.pdf,1909-03-25
https://pdf.swedeb.se/riksdagen-records-pdf/1909/prot-1909--ak--034.pdf,1909-03-26
https://pdf.swedeb.se/riksdagen-records-pdf/1909/prot-1909--ak--034.pdf,1909-03-27
https://pdf.swedeb.se/riksdagen-records-pdf/1909/prot-1909--fk--025.pdf,1909-04-02
https://pdf.swedeb.se/riksdagen-records-pdf/1910/prot-1910--ak--040.pdf,1910-05-04
https://pdf.swedeb.se/riksdagen-records-pdf/1910/prot-1910--ak--040.pdf,1910-05-06
https://pdf.swedeb.se/riksdagen-records-pdf/1910/prot-1910--fk--006.pdf,1910-02-10
https://pdf.swedeb.se/riksdagen-records-pdf/1910/prot-1910--fk--006.pdf,1910-02-12
https://pdf.swedeb.se/riksdagen-records-pdf/1911/prot-1911--ak--045.pdf,1911-05-11
https://pdf.swedeb.se/riksdagen-records-pdf/1911/prot-1911--fk--014.pdf,1911-03-18
https://pdf.swedeb.se/riksdagen-records-pdf/1911/prot-1911--fk--014.pdf,1911-03-21
https://pdf.swedeb.se/riksdagen-records-pdf/1912/prot-1912--ak--031.pdf,1912-04-18
https://pdf.swedeb.se/riksdagen-records-pdf/1912/prot-1912--fk--016.pdf,1912-03-13
https://pdf.swedeb.se/riksdagen-records-pdf/1912/prot-1912--fk--016.pdf,1912-03-15
https://pdf.swedeb.se/riksdagen-records-pdf/1913/prot-1913--ak--026.pdf,1913-04-02
https://pdf.swedeb.se/riksdagen-records-pdf/1913/prot-1913--ak--026.pdf,1913-04-03
https://pdf.swedeb.se/riksdagen-records-pdf/1913/prot-1913--fk--003.pdf,1913-01-29
https://pdf.swedeb.se/riksdagen-records-pdf/1913/prot-1913--fk--003.pdf,1913-02-01
https://pdf.swedeb.se/riksdagen-records-pdf/1913/prot-1913--fk--003.pdf,1913-02-04
https://pdf.swedeb.se/riksdagen-records-pdf/1913/prot-1913--fk--003.pdf,1913-02-05
https://pdf.swedeb.se/riksdagen-records-pdf/1914/prot-1914-b-ak--074.pdf,1914-08-28
https://pdf.swedeb.se/riksdagen-records-pdf/1914/prot-1914-b-fk--030.pdf,1914-07-08
https://pdf.swedeb.se/riksdagen-records-pdf/1915/prot-1915--ak--009.pdf,1915-01-26
https://pdf.swedeb.se/riksdagen-records-pdf/1915/prot-1915--fk--055.pdf,1915-04-27
https://pdf.swedeb.se/riksdagen-records-pdf/1916/prot-1916--ak--021.pdf,1916-02-15
https://pdf.swedeb.se/riksdagen-records-pdf/1916/prot-1916--fk--077.pdf,1916-05-27
https://pdf.swedeb.se/riksdagen-records-pdf/1917/prot-1917--ak--085.pdf,1917-12-18
https://pdf.swedeb.se/riksdagen-records-pdf/1917/prot-1917--fk--024.pdf,1917-03-21
https://pdf.swedeb.se/riksdagen-records-pdf/1918/prot-1918--ak--048.pdf,1918-05-02
https://pdf.swedeb.se/riksdagen-records-pdf/1918/prot-1918--fk--054.pdf,1918-06-14
https://pdf.swedeb.se/riksdagen-records-pdf/1919/prot-1919--ak--038.pdf,1919-04-15
https://pdf.swedeb.se/riksdagen-records-pdf/1919/prot-1919--fk--037.pdf,1919-05-14
https://pdf.swedeb.se/riksdagen-records-pdf/1919/prot-1919--fk--037.pdf,1919-05-16
https://pdf.swedeb.se/riksdagen-records-pdf/1920/prot-1920--ak--030.pdf,1920-03-17
https://pdf.swedeb.se/riksdagen-records-pdf/1920/prot-1920--fk--045.pdf,1920-05-11
https://pdf.swedeb.se/riksdagen-records-pdf/1921/prot-1921--ak--038.pdf,1921-05-04
https://pdf.swedeb.se/riksdagen-records-pdf/1921/prot-1921--fk--026.pdf,1921-04-20
https://pdf.swedeb.se/riksdagen-records-pdf/1921/prot-1921--fk--026.pdf,1921-04-22
https://pdf.swedeb.se/riksdagen-records-pdf/1922/prot-1922--ak--018.pdf,1922-03-15
https://pdf.swedeb.se/riksdagen-records-pdf/1922/prot-1922--ak--018.pdf,1922-03-17
https://pdf.swedeb.se/riksdagen-records-pdf/1922/prot-1922--fk--022.pdf,1922-04-01
https://pdf.swedeb.se/riksdagen-records-pdf/1923/prot-1923--ak--039.pdf,1923-05-23
https://pdf.swedeb.se/riksdagen-records-pdf/1923/prot-1923--fk--023.pdf,1923-04-05
https://pdf.swedeb.se/riksdagen-records-pdf/1923/prot-1923--fk--023.pdf,1923-04-06
https://pdf.swedeb.se/riksdagen-records-pdf/1924/prot-1924--ak--034.pdf,1924-05-10
https://pdf.swedeb.se/riksdagen-records-pdf/1924/prot-1924--ak--034.pdf,1924-05-13
https://pdf.swedeb.se/riksdagen-records-pdf/1924/prot-1924--fk--040.pdf,1924-05-24
https://pdf.swedeb.se/riksdagen-records-pdf/1924/prot-1924--fk--040.pdf,1924-05-27
https://pdf.swedeb.se/riksdagen-records-pdf/1925/prot-1925--ak--002.pdf,1925-01-12
https://pdf.swedeb.se/riksdagen-records-pdf/1925/prot-1925--ak--002.pdf,1925-01-14
https://pdf.swedeb.se/riksdagen-records-pdf/1925/prot-1925--fk--006.pdf,1925-01-28
https://pdf.swedeb.se/riksdagen-records-pdf/1925/prot-1925--fk--006.pdf,1925-01-31
https://pdf.swedeb.se/riksdagen-records-pdf/1925/prot-1925--fk--006.pdf,1925-02-01
https://pdf.swedeb.se/riksdagen-records-pdf/1926/prot-1926--ak--003.pdf,1926-01-18
https://pdf.swedeb.se/riksdagen-records-pdf/1926/prot-1926--fk--028.pdf,1926-04-23
https://pdf.swedeb.se/riksdagen-records-pdf/1926/prot-1926--fk--028.pdf,1926-04-24
https://pdf.swedeb.se/riksdagen-records-pdf/1927/prot-1927--ak--031.pdf,1927-05-14
https://pdf.swedeb.se/riksdagen-records-pdf/1927/prot-1927--fk--032.pdf,1927-05-19
https://pdf.swedeb.se/riksdagen-records-pdf/1928/prot-1928--ak--034.pdf,1928-05-12
https://pdf.swedeb.se/riksdagen-records-pdf/1928/prot-1928--fk--037.pdf,1928-05-29
https://pdf.swedeb.se/riksdagen-records-pdf/1929/prot-1929--ak--038.pdf,1929-05-21
https://pdf.swedeb.se/riksdagen-records-pdf/1929/prot-1929--ak--038.pdf,1929-05-22
https://pdf.swedeb.se/riksdagen-records-pdf/1929/prot-1929--fk--006.pdf,1929-01-31
https://pdf.swedeb.se/riksdagen-records-pdf/1929/prot-1929--fk--006.pdf,1929-02-02
https://pdf.swedeb.se/riksdagen-records-pdf/1929/prot-1929--fk--006.pdf,1929-02-06
https://pdf.swedeb.se/riksdagen-records-pdf/1930/prot-1930--ak--026.pdf,1930-04-09
https://pdf.swedeb.se/riksdagen-records-pdf/1930/prot-1930--ak--026.pdf,1930-04-17
https://pdf.swedeb.se/riksdagen-records-pdf/1930/prot-1930--fk--044.pdf,1930-06-03
https://pdf.swedeb.se/riksdagen-records-pdf/1931/prot-1931--ak--015.pdf,1931-02-27
https://pdf.swedeb.se/riksdagen-records-pdf/1931/prot-1931--ak--015.pdf,1931-02-28
https://pdf.swedeb.se/riksdagen-records-pdf/1931/prot-1931--fk--039.pdf,1931-05-20
https://pdf.swedeb.se/riksdagen-records-pdf/1932/prot-1932--ak--031.pdf,1932-04-06
https://pdf.swedeb.se/riksdagen-records-pdf/1932/prot-1932--fk--047.pdf,1932-06-08
https://pdf.swedeb.se/riksdagen-records-pdf/1933/prot-1933--ak--044.pdf,1933-06-03
https://pdf.swedeb.se/riksdagen-records-pdf/1933/prot-1933--ak--044.pdf,1933-06-07
https://pdf.swedeb.se/riksdagen-records-pdf/1933/prot-1933--fk--034.pdf,1933-05-06
https://pdf.swedeb.se/riksdagen-records-pdf/1933/prot-1933--fk--034.pdf,1933-05-09
https://pdf.swedeb.se/riksdagen-records-pdf/1934/prot-1934--ak--024.pdf,1934-04-10
https://pdf.swedeb.se/riksdagen-records-pdf/1934/prot-1934--ak--024.pdf,1934-04-11
https://pdf.swedeb.se/riksdagen-records-pdf/1934/prot-1934--fk--007.pdf,1934-02-07
https://pdf.swedeb.se/riksdagen-records-pdf/1934/prot-1934--fk--007.pdf,1934-02-09
https://pdf.swedeb.se/riksdagen-records-pdf/1935/prot-1935--ak--007.pdf,1935-01-26
https://pdf.swedeb.se/riksdagen-records-pdf/1935/prot-1935--ak--007.pdf,1935-01-29
https://pdf.swedeb.se/riksdagen-records-pdf/1935/prot-1935--fk--032.pdf,1935-05-15
https://pdf.swedeb.se/riksdagen-records-pdf/1935/prot-1935--fk--032.pdf,1935-05-17
https://pdf.swedeb.se/riksdagen-records-pdf/1936/prot-1936--ak--021.pdf,1936-04-01
https://pdf.swedeb.se/riksdagen-records-pdf/1936/prot-1936--fk--024.pdf,1936-04-16
https://pdf.swedeb.se/riksdagen-records-pdf/1937/prot-1937--ak--014.pdf,1937-02-27
https://pdf.swedeb.se/riksdagen-records-pdf/1937/prot-1937--fk--006.pdf,1937-01-26
https://pdf.swedeb.se/riksdagen-records-pdf/1937/prot-1937--fk--006.pdf,1937-01-27
https://pdf.swedeb.se/riksdagen-records-pdf/1938/prot-1938--ak--026.pdf,1938-04-05
https://pdf.swedeb.se/riksdagen-records-pdf/1938/prot-1938--ak--026.pdf,1938-04-06
https://pdf.swedeb.se/riksdagen-records-pdf/1938/prot-1938--ak--026.pdf,1938-04-08
https://pdf.swedeb.se/riksdagen-records-pdf/1938/prot-1938--fk--021.pdf,1938-03-18
https://pdf.swedeb.se/riksdagen-records-pdf/1939/prot-1939--ak--001.pdf,1939-01-10
https://pdf.swedeb.se/riksdagen-records-pdf/1939/prot-1939--fk--041.pdf,1939-06-13
https://pdf.swedeb.se/riksdagen-records-pdf/1939/prot-1939--fk--041.pdf,1939-06-15
https://pdf.swedeb.se/riksdagen-records-pdf/1939/prot-1939--fk--041.pdf,1939-06-16
https://pdf.swedeb.se/riksdagen-records-pdf/1939/prot-1939--fk--041.pdf,1939-06-17
https://pdf.swedeb.se/riksdagen-records-pdf/1940/prot-1940--ak--031.pdf,1940-05-14
https://pdf.swedeb.se/riksdagen-records-pdf/1940/prot-1940--ak--031.pdf,1940-05-15
https://pdf.swedeb.se/riksdagen-records-pdf/1940/prot-1940--ak--031.pdf,1940-05-18
https://pdf.swedeb.se/riksdagen-records-pdf/1940/prot-1940--fk--004.pdf,1940-01-20
https://pdf.swedeb.se/riksdagen-records-pdf/1940/prot-1940--fk--004.pdf,1940-01-22
https://pdf.swedeb.se/riksdagen-records-pdf/1940/prot-1940--fk--004.pdf,1940-01-23
https://pdf.swedeb.se/riksdagen-records-pdf/1941/prot-1941--ak--050.pdf,1941-12-03
https://pdf.swedeb.se/riksdagen-records-pdf/1941/prot-1941--ak--050.pdf,1941-12-06
https://pdf.swedeb.se/riksdagen-records-pdf/1941/prot-1941--ak--050.pdf,1941-12-09
https://pdf.swedeb.se/riksdagen-records-pdf/1941/prot-1941--ak--050.pdf,1941-12-10
https://pdf.swedeb.se/riksdagen-records-pdf/1941/prot-1941--fk--009.pdf,1941-02-18
https://pdf.swedeb.se/riksdagen-records-pdf/1941/prot-1941--fk--009.pdf,1941-02-19
https://pdf.swedeb.se/riksdagen-records-pdf/1942/prot-1942--ak--007.pdf,1942-02-10
https://pdf.swedeb.se/riksdagen-records-pdf/1942/prot-1942--ak--007.pdf,1942-02-11
https://pdf.swedeb.se/riksdagen-records-pdf/1942/prot-1942--ak--007.pdf,1942-02-14
https://pdf.swedeb.se/riksdagen-records-pdf/1942/prot-1942--fk--028.pdf,1942-11-02
https://pdf.swedeb.se/riksdagen-records-pdf/1942/prot-1942--fk--028.pdf,1942-11-03
https://pdf.swedeb.se/riksdagen-records-pdf/1943/prot-1943--ak--012.pdf,1943-03-30
https://pdf.swedeb.se/riksdagen-records-pdf/1943/prot-1943--ak--012.pdf,1943-03-31
https://pdf.swedeb.se/riksdagen-records-pdf/1943/prot-1943--fk--031.pdf,1943-11-09
https://pdf.swedeb.se/riksdagen-records-pdf/1943/prot-1943--fk--031.pdf,1943-11-10
https://pdf.swedeb.se/riksdagen-records-pdf/1943/prot-1943--fk--031.pdf,1943-11-13
https://pdf.swedeb.se/riksdagen-records-pdf/1943/prot-1943--fk--031.pdf,1943-11-16
https://pdf.swedeb.se/riksdagen-records-pdf/1943/prot-1943--fk--031.pdf,1943-11-17
https://pdf.swedeb.se/riksdagen-records-pdf/1944/prot-1944--ak--009.pdf,1944-03-07
https://pdf.swedeb.se/riksdagen-records-pdf/1944/prot-1944--ak--009.pdf,1944-03-08
https://pdf.swedeb.se/riksdagen-records-pdf/1944/prot-1944--ak--009.pdf,1944-03-11
https://pdf.swedeb.se/riksdagen-records-pdf/1944/prot-1944--fk--015.pdf,1944-04-25
https://pdf.swedeb.se/riksdagen-records-pdf/1944/prot-1944--fk--015.pdf,1944-04-26
https://pdf.swedeb.se/riksdagen-records-pdf/1944/prot-1944--fk--015.pdf,1944-04-29
https://pdf.swedeb.se/riksdagen-records-pdf/1944/prot-1944--fk--015.pdf,1944-05-02
https://pdf.swedeb.se/riksdagen-records-pdf/1945/prot-1945--ak--017.pdf,1945-04-19
https://pdf.swedeb.se/riksdagen-records-pdf/1945/prot-1945--fk--004.pdf,1945-01-18
https://pdf.swedeb.se/riksdagen-records-pdf/1945/prot-1945--fk--004.pdf,1945-01-19
https://pdf.swedeb.se/riksdagen-records-pdf/1945/prot-1945--fk--004.pdf,1945-01-20
https://pdf.swedeb.se/riksdagen-records-pdf/1945/prot-1945--fk--004.pdf,1945-01-22
https://pdf.swedeb.se/riksdagen-records-pdf/1946/prot-1946--ak--025.pdf,1946-06-14
https://pdf.swedeb.se/riksdagen-records-pdf/1946/prot-1946--ak--025.pdf,1946-06-15
https://pdf.swedeb.se/riksdagen-records-pdf/1946/prot-1946--ak--025.pdf,1946-06-18
https://pdf.swedeb.se/riksdagen-records-pdf/1946/prot-1946--fk--001.pdf,1946-01-10
https://pdf.swedeb.se/riksdagen-records-pdf/1946/prot-1946--fk--001.pdf,1946-01-11
https://pdf.swedeb.se/riksdagen-records-pdf/1946/prot-1946--fk--001.pdf,1946-01-12
https://pdf.swedeb.se/riksdagen-records-pdf/1946/prot-1946--fk--001.pdf,1946-01-15
https://pdf.swedeb.se/riksdagen-records-pdf/1946/prot-1946--fk--001.pdf,1946-01-16
https://pdf.swedeb.se/riksdagen-records-pdf/1947/prot-1947--ak--002.pdf,1947-01-17
https://pdf.swedeb.se/riksdagen-records-pdf/1947/prot-1947--fk--019.pdf,1947-04-26
https://pdf.swedeb.se/riksdagen-records-pdf/1947/prot-1947--fk--019.pdf,1947-04-28
https://pdf.swedeb.se/riksdagen-records-pdf/1947/prot-1947--fk--019.pdf,1947-04-29
https://pdf.swedeb.se/riksdagen-records-pdf/1947/prot-1947--fk--019.pdf,1947-05-02
https://pdf.swedeb.se/riksdagen-records-pdf/1948/prot-1948--ak--011.pdf,1948-03-13
https://pdf.swedeb.se/riksdagen-records-pdf/1948/prot-1948--ak--011.pdf,1948-03-16
https://pdf.swedeb.se/riksdagen-records-pdf/1948/prot-1948--fk--011.pdf,1948-03-13
https://pdf.swedeb.se/riksdagen-records-pdf/1948/prot-1948--fk--011.pdf,1948-03-16
https://pdf.swedeb.se/riksdagen-records-pdf/1948/prot-1948--fk--011.pdf,1948-03-17
https://pdf.swedeb.se/riksdagen-records-pdf/1949/prot-1949--ak--024.pdf,1949-10-17
https://pdf.swedeb.se/riksdagen-records-pdf/1949/prot-1949--ak--024.pdf,1949-10-18
https://pdf.swedeb.se/riksdagen-records-pdf/1949/prot-1949--fk--031.pdf,1949-12-06
https://pdf.swedeb.se/riksdagen-records-pdf/1949/prot-1949--fk--031.pdf,1949-12-07
https://pdf.swedeb.se/riksdagen-records-pdf/1950/prot-1950--ak--012.pdf,1950-03-23
https://pdf.swedeb.se/riksdagen-records-pdf/1950/prot-1950--ak--012.pdf,1950-03-24
https://pdf.swedeb.se/riksdagen-records-pdf/1950/prot-1950--ak--012.pdf,1950-03-28
https://pdf.swedeb.se/riksdagen-records-pdf/1950/prot-1950--ak--012.pdf,1950-03-29
https://pdf.swedeb.se/riksdagen-records-pdf/1950/prot-1950--fk--006.pdf,1950-02-11
https://pdf.swedeb.se/riksdagen-records-pdf/1950/prot-1950--fk--006.pdf,1950-02-11
https://pdf.swedeb.se/riksdagen-records-pdf/1950/prot-1950--fk--006.pdf,1950-02-14
https://pdf.swedeb.se/riksdagen-records-pdf/1950/prot-1950--fk--006.pdf,1950-02-15
https://pdf.swedeb.se/riksdagen-records-pdf/1951/prot-1951--ak--029.pdf,1951-10-27
https://pdf.swedeb.se/riksdagen-records-pdf/1951/prot-1951--ak--029.pdf,1951-10-30
https://pdf.swedeb.se/riksdagen-records-pdf/1951/prot-1951--ak--029.pdf,1951-10-31
https://pdf.swedeb.se/riksdagen-records-pdf/1951/prot-1951--fk--023.pdf,1951-05-26
https://pdf.swedeb.se/riksdagen-records-pdf/1952/prot-1952--ak--004.pdf,1952-01-30
https://pdf.swedeb.se/riksdagen-records-pdf/1952/prot-1952--ak--004.pdf,1952-02-02
https://pdf.swedeb.se/riksdagen-records-pdf/1952/prot-1952--ak--004.pdf,1952-02-05
https://pdf.swedeb.se/riksdagen-records-pdf/1952/prot-1952--ak--004.pdf,1952-02-06
https://pdf.swedeb.se/riksdagen-records-pdf/1952/prot-1952--fk--031.pdf,1952-12-06
https://pdf.swedeb.se/riksdagen-records-pdf/1952/prot-1952--fk--031.pdf,1952-12-09
https://pdf.swedeb.se/riksdagen-records-pdf/1952/prot-1952--fk--031.pdf,1952-12-10
https://pdf.swedeb.se/riksdagen-records-pdf/1953/prot-1953--ak--027.pdf,1953-11-03
https://pdf.swedeb.se/riksdagen-records-pdf/1953/prot-1953--ak--027.pdf,1953-11-04
https://pdf.swedeb.se/riksdagen-records-pdf/1953/prot-1953--fk--004.pdf,1953-01-31
https://pdf.swedeb.se/riksdagen-records-pdf/1953/prot-1953--fk--004.pdf,1953-01-31
https://pdf.swedeb.se/riksdagen-records-pdf/1953/prot-1953--fk--004.pdf,1953-02-03
https://pdf.swedeb.se/riksdagen-records-pdf/1953/prot-1953--fk--004.pdf,1953-02-04
https://pdf.swedeb.se/riksdagen-records-pdf/1954/prot-1954--ak--031.pdf,1954-11-27
https://pdf.swedeb.se/riksdagen-records-pdf/1954/prot-1954--ak--031.pdf,1954-11-30
https://pdf.swedeb.se/riksdagen-records-pdf/1954/prot-1954--ak--031.pdf,1954-12-01
https://pdf.swedeb.se/riksdagen-records-pdf/1954/prot-1954--fk--001.pdf,1954-01-11
https://pdf.swedeb.se/riksdagen-records-pdf/1954/prot-1954--fk--001.pdf,1954-01-12
https://pdf.swedeb.se/riksdagen-records-pdf/1954/prot-1954--fk--001.pdf,1954-01-13
https://pdf.swedeb.se/riksdagen-records-pdf/1954/prot-1954--fk--001.pdf,1954-01-14
https://pdf.swedeb.se/riksdagen-records-pdf/1954/prot-1954--fk--001.pdf,1954-01-15
https://pdf.swedeb.se/riksdagen-records-pdf/1955/prot-1955--ak--016.pdf,1955-04-29
https://pdf.swedeb.se/riksdagen-records-pdf/1955/prot-1955--ak--016.pdf,1955-05-03
https://pdf.swedeb.se/riksdagen-records-pdf/1955/prot-1955--ak--016.pdf,1955-05-04
https://pdf.swedeb.se/riksdagen-records-pdf/1955/prot-1955--fk--004.pdf,1955-02-04
https://pdf.swedeb.se/riksdagen-records-pdf/1955/prot-1955--fk--004.pdf,1955-02-07
https://pdf.swedeb.se/riksdagen-records-pdf/1955/prot-1955--fk--004.pdf,1955-02-08
https://pdf.swedeb.se/riksdagen-records-pdf/1955/prot-1955--fk--004.pdf,1955-02-09
https://pdf.swedeb.se/riksdagen-records-pdf/1956/prot-1956--ak--019.pdf,1956-05-18
https://pdf.swedeb.se/riksdagen-records-pdf/1956/prot-1956--ak--019.pdf,1956-05-22
https://pdf.swedeb.se/riksdagen-records-pdf/1956/prot-1956--ak--019.pdf,1956-05-23
https://pdf.swedeb.se/riksdagen-records-pdf/1956/prot-1956--fk--009.pdf,1956-03-02
https://pdf.swedeb.se/riksdagen-records-pdf/1956/prot-1956--fk--009.pdf,1956-03-06
https://pdf.swedeb.se/riksdagen-records-pdf/1956/prot-1956--fk--009.pdf,1956-03-07
https://pdf.swedeb.se/riksdagen-records-pdf/1957/prot-1957--ak--002.pdf,1957-01-21
https://pdf.swedeb.se/riksdagen-records-pdf/1957/prot-1957--ak--002.pdf,1957-01-22
https://pdf.swedeb.se/riksdagen-records-pdf/1957/prot-1957--fk--027.pdf,1957-11-22
https://pdf.swedeb.se/riksdagen-records-pdf/1957/prot-1957--fk--027.pdf,1957-11-26
https://pdf.swedeb.se/riksdagen-records-pdf/1957/prot-1957--fk--027.pdf,1957-11-27
https://pdf.swedeb.se/riksdagen-records-pdf/1958/prot-1958-a-fk--002.pdf,1958-01-21
https://pdf.swedeb.se/riksdagen-records-pdf/1958/prot-1958-a-fk--002.pdf,1958-01-22
https://pdf.swedeb.se/riksdagen-records-pdf/1958/prot-1958-b-ak--013.pdf,1958-11-28
https://pdf.swedeb.se/riksdagen-records-pdf/1958/prot-1958-b-ak--013.pdf,1958-12-02
https://pdf.swedeb.se/riksdagen-records-pdf/1958/prot-1958-b-ak--013.pdf,1958-12-03
https://pdf.swedeb.se/riksdagen-records-pdf/1959/prot-1959--ak--007.pdf,1959-03-06
https://pdf.swedeb.se/riksdagen-records-pdf/1959/prot-1959--ak--007.pdf,1959-03-10
https://pdf.swedeb.se/riksdagen-records-pdf/1959/prot-1959--ak--007.pdf,1959-03-11
https://pdf.swedeb.se/riksdagen-records-pdf/1959/prot-1959--fk--006.pdf,1959-02-27
https://pdf.swedeb.se/riksdagen-records-pdf/1959/prot-1959--fk--006.pdf,1959-03-03
https://pdf.swedeb.se/riksdagen-records-pdf/1959/prot-1959--fk--006.pdf,1959-03-04
https://pdf.swedeb.se/riksdagen-records-pdf/1960/prot-1960--ak--025.pdf,1960-11-08
https://pdf.swedeb.se/riksdagen-records-pdf/1960/prot-1960--ak--025.pdf,1960-11-09
https://pdf.swedeb.se/riksdagen-records-pdf/1960/prot-1960--fk--019.pdf,1960-05-23
https://pdf.swedeb.se/riksdagen-records-pdf/1960/prot-1960--fk--019.pdf,1960-05-24
https://pdf.swedeb.se/riksdagen-records-pdf/1960/prot-1960--fk--019.pdf,1960-05-25
https://pdf.swedeb.se/riksdagen-records-pdf/1961/prot-1961--ak--030.pdf,1961-11-10
https://pdf.swedeb.se/riksdagen-records-pdf/1961/prot-1961--ak--030.pdf,1961-11-14
https://pdf.swedeb.se/riksdagen-records-pdf/1961/prot-1961--ak--030.pdf,1961-11-15
https://pdf.swedeb.se/riksdagen-records-pdf/1961/prot-1961--fk--020.pdf,1961-05-17
https://pdf.swedeb.se/riksdagen-records-pdf/1962/prot-1962--ak--030.pdf,1962-11-06
https://pdf.swedeb.se/riksdagen-records-pdf/1962/prot-1962--ak--030.pdf,1962-11-09
https://pdf.swedeb.se/riksdagen-records-pdf/1962/prot-1962--fk--014.pdf,1962-03-30
https://pdf.swedeb.se/riksdagen-records-pdf/1962/prot-1962--fk--014.pdf,1962-04-04
https://pdf.swedeb.se/riksdagen-records-pdf/1963/prot-1963--ak--024.pdf,1963-05-20
https://pdf.swedeb.se/riksdagen-records-pdf/1963/prot-1963--ak--024.pdf,1963-05-21
https://pdf.swedeb.se/riksdagen-records-pdf/1963/prot-1963--ak--024.pdf,1963-05-22
https://pdf.swedeb.se/riksdagen-records-pdf/1963/prot-1963--fk--011.pdf,1963-03-15
https://pdf.swedeb.se/riksdagen-records-pdf/1963/prot-1963--fk--011.pdf,1963-03-19
https://pdf.swedeb.se/riksdagen-records-pdf/1963/prot-1963--fk--011.pdf,1963-03-20
https://pdf.swedeb.se/riksdagen-records-pdf/1964/prot-1964--ak--003.pdf,1964-01-21
https://pdf.swedeb.se/riksdagen-records-pdf/1964/prot-1964--ak--003.pdf,1964-01-22
https://pdf.swedeb.se/riksdagen-records-pdf/1964/prot-1964--fk--008.pdf,1964-02-18
https://pdf.swedeb.se/riksdagen-records-pdf/1964/prot-1964--fk--008.pdf,1964-02-19
https://pdf.swedeb.se/riksdagen-records-pdf/1964/prot-1964--fk--008.pdf,1964-02-21
https://pdf.swedeb.se/riksdagen-records-pdf/1965/prot-1965--ak--013.pdf,1965-03-23
https://pdf.swedeb.se/riksdagen-records-pdf/1965/prot-1965--ak--013.pdf,1965-03-24
https://pdf.swedeb.se/riksdagen-records-pdf/1965/prot-1965--fk--003.pdf,1965-01-19
https://pdf.swedeb.se/riksdagen-records-pdf/1966/prot-1966--ak--016.pdf,1966-04-13
https://pdf.swedeb.se/riksdagen-records-pdf/1966/prot-1966--fk--037.pdf,1966-12-08
https://pdf.swedeb.se/riksdagen-records-pdf/1966/prot-1966--fk--037.pdf,1966-12-09
https://pdf.swedeb.se/riksdagen-records-pdf/1967/prot-1967--ak--038.pdf,1967-10-26
https://pdf.swedeb.se/riksdagen-records-pdf/1967/prot-1967--ak--038.pdf,1967-10-27
https://pdf.swedeb.se/riksdagen-records-pdf/1967/prot-1967--fk--046.pdf,1967-11-23
https://pdf.swedeb.se/riksdagen-records-pdf/1967/prot-1967--fk--046.pdf,1967-11-24
https://pdf.swedeb.se/riksdagen-records-pdf/1968/prot-1968--ak--041.pdf,1968-12-03
https://pdf.swedeb.se/riksdagen-records-pdf/1968/prot-1968--ak--041.pdf,1968-12-04
https://pdf.swedeb.se/riksdagen-records-pdf/1968/prot-1968--fk--021.pdf,1968-05-02
https://pdf.swedeb.se/riksdagen-records-pdf/1968/prot-1968--fk--021.pdf,1968-05-03
https://pdf.swedeb.se/riksdagen-records-pdf/1969/prot-1969--ak--014.pdf,1969-03-27
https://pdf.swedeb.se/riksdagen-records-pdf/1969/prot-1969--ak--014.pdf,1969-03-28
https://pdf.swedeb.se/riksdagen-records-pdf/1969/prot-1969--fk--039.pdf,1969-12-02
https://pdf.swedeb.se/riksdagen-records-pdf/1969/prot-1969--fk--039.pdf,1969-12-03
https://pdf.swedeb.se/riksdagen-records-pdf/1970/prot-1970--ak--037.pdf,1970-11-10
https://pdf.swedeb.se/riksdagen-records-pdf/1970/prot-1970--ak--037.pdf,1970-11-11
https://pdf.swedeb.se/riksdagen-records-pdf/1970/prot-1970--ak--037.pdf,1970-11-12
https://pdf.swedeb.se/riksdagen-records-pdf/1970/prot-1970--ak--037.pdf,1970-11-13
https://pdf.swedeb.se/riksdagen-records-pdf/1970/prot-1970--fk--012.pdf,1970-03-19
https://pdf.swedeb.se/riksdagen-records-pdf/1970/prot-1970--fk--012.pdf,1970-03-20
https://pdf.swedeb.se/riksdagen-records-pdf/1971/prot-1971--074.pdf,1971-04-30
https://pdf.swedeb.se/riksdagen-records-pdf/1972/prot-1972--006.pdf,1972-01-18
https://pdf.swedeb.se/riksdagen-records-pdf/1973/prot-1973--037.pdf,1973-03-07
https://pdf.swedeb.se/riksdagen-records-pdf/1974/prot-1974--101.pdf,1974-10-16
https://pdf.swedeb.se/riksdagen-records-pdf/1975/prot-1975--036.pdf,1975-03-13
https://pdf.swedeb.se/riksdagen-records-pdf/197576/prot-197576--117.pdf,1976-05-05
https://pdf.swedeb.se/riksdagen-records-pdf/197677/prot-197677--046.pdf,1976-12-15
https://pdf.swedeb.se/riksdagen-records-pdf/197778/prot-197778--125.pdf,1978-04-20
https://pdf.swedeb.se/riksdagen-records-pdf/197879/prot-197879--099.pdf,1979-03-09
https://pdf.swedeb.se/riksdagen-records-pdf/197980/prot-197980--158.pdf,1980-05-30
https://pdf.swedeb.se/riksdagen-records-pdf/1980/prot-1980-urtima-005.pdf,1980-09-04
https://pdf.swedeb.se/riksdagen-records-pdf/1980/prot-1980-urtima-005.pdf,1980-09-05
https://pdf.swedeb.se/riksdagen-records-pdf/198081/prot-198081--024.pdf,1980-11-14
https://pdf.swedeb.se/riksdagen-records-pdf/198182/prot-198182--097.pdf,1982-03-15
https://pdf.swedeb.se/riksdagen-records-pdf/198283/prot-198283--073.pdf,1983-02-03
https://pdf.swedeb.se/riksdagen-records-pdf/198384/prot-198384--122.pdf,1984-04-11
https://pdf.swedeb.se/riksdagen-records-pdf/198485/prot-198485--113.pdf,1985-04-10
https://pdf.swedeb.se/riksdagen-records-pdf/198586/prot-198586--032.pdf,1985-11-20
https://pdf.swedeb.se/riksdagen-records-pdf/198687/prot-198687--045.pdf,1986-12-09
https://pdf.swedeb.se/riksdagen-records-pdf/198788/prot-198788--048.pdf,1988-01-11
https://pdf.swedeb.se/riksdagen-records-pdf/198889/prot-198889--063.pdf,1989-02-08
https://pdf.swedeb.se/riksdagen-records-pdf/198990/prot-198990--116.pdf,1990-05-07
https://pdf.swedeb.se/riksdagen-records-pdf/199091/prot-199091--124.pdf,1991-06-03
https://pdf.swedeb.se/riksdagen-records-pdf/199192/prot-199192--086.pdf,1992-03-27
https://pdf.swedeb.se/riksdagen-records-pdf/199293/prot-199293--127.pdf,1993-06-21
https://pdf.swedeb.se/riksdagen-records-pdf/199394/prot-199394--073.pdf,1994-03-16
https://pdf.swedeb.se/riksdagen-records-pdf/199495/prot-199495--032.pdf,1994-11-30
https://pdf.swedeb.se/riksdagen-records-pdf/199596/prot-199596--039.pdf,1995-12-15
https://pdf.swedeb.se/riksdagen-records-pdf/199697/prot-199697--010.pdf,1996-10-04
https://pdf.swedeb.se/riksdagen-records-pdf/199798/prot-199798--079.pdf,1998-03-12
https://pdf.swedeb.se/riksdagen-records-pdf/199899/prot-199899--109.pdf,1999-06-14
https://pdf.swedeb.se/riksdagen-records-pdf/19992000/prot-19992000--071.pdf,2000-02-23
https://pdf.swedeb.se/riksdagen-records-pdf/200001/prot-200001--035.pdf,2000-11-28
https://pdf.swedeb.se/riksdagen-records-pdf/200102/prot-200102--113.pdf,2002-05-27
https://pdf.swedeb.se/riksdagen-records-pdf/200203/prot-200203--035.pdf,2002-12-12
https://pdf.swedeb.se/riksdagen-records-pdf/200304/prot-200304--134.pdf,2003-07-08
https://pdf.swedeb.se/riksdagen-records-pdf/200405/prot-200405--005.pdf,2004-09-20
https://pdf.swedeb.se/riksdagen-records-pdf/200506/prot-200506--065.pdf,2006-02-01
https://pdf.swedeb.se/riksdagen-records-pdf/200607/prot-200607--006.pdf,2006-10-06
https://pdf.swedeb.se/riksdagen-records-pdf/200708/prot-200708--123.pdf,2008-06-05
https://pdf.swedeb.se/riksdagen-records-pdf/200809/prot-200809--052.pdf,2008-12-18
https://pdf.swedeb.se/riksdagen-records-pdf/200910/prot-200910--072.pdf,2010-02-10
https://pdf.swedeb.se/riksdagen-records-pdf/201011/prot-201011--067.pdf,2011-03-04
https://pdf.swedeb.se/riksdagen-records-pdf/201112/prot-201112--024.pdf,2011-10-27
https://pdf.swedeb.se/riksdagen-records-pdf/201213/prot-201213--036.pdf,2012-12-04
https://pdf.swedeb.se/riksdagen-records-pdf/201314/prot-201314--055.pdf,2014-01-16
https://pdf.swedeb.se/riksdagen-records-pdf/201415/prot-201415--010.pdf,2014-10-16
https://pdf.swedeb.se/riksdagen-records-pdf/201516/prot-201516--103.pdf,2016-05-11
https://pdf.swedeb.se/riksdagen-records-pdf/201617/prot-201617--065.pdf,2017-02-02
https://pdf.swedeb.se/riksdagen-records-pdf/201718/prot-201718--054.pdf,2017-12-20
https://pdf.swedeb.se/riksdagen-records-pdf/201819/prot-201819--016.pdf,2018-11-14
https://pdf.swedeb.se/riksdagen-records-pdf/201920/prot-201920--065.pdf,2020-01-29
https://pdf.swedeb.se/riksdagen-records-pdf/202021/prot-202021--140.pdf,2021-06-14
https://pdf.swedeb.se/riksdagen-records-pdf/202122/prot-202122--093.pdf,2022-04-05
