correct,incorrect,accuracy,year,chamber,decade
1,0,1.0,1910,Första kammaren,1910
1,0,1.0,1910,Första kammaren,1910
1,0,1.0,1910,Första kammaren,1910
1,0,1.0,1910,Andra kammaren,1910
1,0,1.0,1910,Andra kammaren,1910
1,0,1.0,1910,Andra kammaren,1910
1,0,1.0,1911,Första kammaren,1910
1,0,1.0,1911,Första kammaren,1910
1,0,1.0,1911,Första kammaren,1910
1,0,1.0,1911,Andra kammaren,1910
1,0,1.0,1911,Andra kammaren,1910
1,0,1.0,1911,Andra kammaren,1910
1,0,1.0,1912,Första kammaren,1910
1,0,1.0,1912,Första kammaren,1910
1,0,1.0,1912,Första kammaren,1910
1,0,1.0,1912,Andra kammaren,1910
1,0,1.0,1912,Andra kammaren,1910
1,0,1.0,1912,Andra kammaren,1910
1,0,1.0,1913,Första kammaren,1910
1,0,1.0,1913,Första kammaren,1910
1,0,1.0,1913,Första kammaren,1910
1,0,1.0,1913,Andra kammaren,1910
2,0,1.0,1913,Andra kammaren,1910
1,0,1.0,1914,Första kammaren,1910
1,0,1.0,1914,Första kammaren,1910
1,0,1.0,1914,Första kammaren,1910
1,0,1.0,1914,Andra kammaren,1910
0,1,0.0,1914,Andra kammaren,1910
1,0,1.0,1915,Första kammaren,1910
1,0,1.0,1915,Första kammaren,1910
1,0,1.0,1915,Andra kammaren,1910
1,0,1.0,1915,Andra kammaren,1910
1,0,1.0,1915,Andra kammaren,1910
1,0,1.0,1916,Första kammaren,1910
1,0,1.0,1916,Första kammaren,1910
1,0,1.0,1916,Första kammaren,1910
1,0,1.0,1916,Andra kammaren,1910
1,0,1.0,1916,Andra kammaren,1910
1,0,1.0,1917,Första kammaren,1910
1,0,1.0,1917,Första kammaren,1910
1,0,1.0,1917,Andra kammaren,1910
1,0,1.0,1917,Andra kammaren,1910
1,0,1.0,1917,Andra kammaren,1910
1,0,1.0,1918,Första kammaren,1910
1,0,1.0,1918,Första kammaren,1910
1,0,1.0,1918,Första kammaren,1910
1,0,1.0,1918,Andra kammaren,1910
1,0,1.0,1918,Andra kammaren,1910
1,0,1.0,1918,Andra kammaren,1910
1,0,1.0,1919,Första kammaren,1910
1,0,1.0,1919,Första kammaren,1910
1,0,1.0,1919,Första kammaren,1910
1,0,1.0,1919,Andra kammaren,1910
1,0,1.0,1919,Andra kammaren,1910
1,0,1.0,1920,Första kammaren,1920
1,0,1.0,1920,Första kammaren,1920
1,0,1.0,1920,Andra kammaren,1920
1,0,1.0,1920,Andra kammaren,1920
1,0,1.0,1921,Första kammaren,1920
1,0,1.0,1921,Andra kammaren,1920
1,0,1.0,1921,Andra kammaren,1920
1,0,1.0,1921,Andra kammaren,1920
1,0,1.0,1922,Första kammaren,1920
1,0,1.0,1922,Första kammaren,1920
1,0,1.0,1922,Andra kammaren,1920
0,1,0.0,1922,Andra kammaren,1920
1,0,1.0,1922,Andra kammaren,1920
1,0,1.0,1923,Första kammaren,1920
1,0,1.0,1923,Första kammaren,1920
1,0,1.0,1923,Första kammaren,1920
1,0,1.0,1923,Andra kammaren,1920
1,0,1.0,1923,Andra kammaren,1920
1,0,1.0,1923,Andra kammaren,1920
2,0,1.0,1924,Första kammaren,1920
0,1,0.0,1924,Första kammaren,1920
1,0,1.0,1924,Andra kammaren,1920
1,0,1.0,1924,Andra kammaren,1920
1,0,1.0,1925,Första kammaren,1920
1,0,1.0,1925,Första kammaren,1920
1,0,1.0,1925,Första kammaren,1920
1,0,1.0,1925,Andra kammaren,1920
1,0,1.0,1925,Andra kammaren,1920
1,0,1.0,1925,Andra kammaren,1920
1,0,1.0,1926,Första kammaren,1920
1,0,1.0,1926,Första kammaren,1920
1,0,1.0,1926,Första kammaren,1920
1,0,1.0,1926,Andra kammaren,1920
1,0,1.0,1926,Andra kammaren,1920
1,0,1.0,1926,Andra kammaren,1920
1,0,1.0,1927,Första kammaren,1920
1,0,1.0,1927,Första kammaren,1920
1,0,1.0,1927,Första kammaren,1920
1,0,1.0,1927,Andra kammaren,1920
1,0,1.0,1927,Andra kammaren,1920
1,0,1.0,1927,Andra kammaren,1920
1,0,1.0,1928,Andra kammaren,1920
1,0,1.0,1928,Andra kammaren,1920
1,0,1.0,1928,Andra kammaren,1920
1,0,1.0,1929,Första kammaren,1920
1,0,1.0,1929,Första kammaren,1920
1,0,1.0,1929,Första kammaren,1920
1,0,1.0,1929,Andra kammaren,1920
1,0,1.0,1929,Andra kammaren,1920
1,0,1.0,1930,Första kammaren,1930
1,0,1.0,1930,Första kammaren,1930
1,0,1.0,1930,Andra kammaren,1930
1,0,1.0,1930,Andra kammaren,1930
1,0,1.0,1930,Andra kammaren,1930
1,0,1.0,1931,Första kammaren,1930
1,0,1.0,1931,Första kammaren,1930
1,0,1.0,1931,Andra kammaren,1930
1,0,1.0,1931,Andra kammaren,1930
1,0,1.0,1932,Första kammaren,1930
1,0,1.0,1932,Första kammaren,1930
1,0,1.0,1932,Första kammaren,1930
1,0,1.0,1932,Andra kammaren,1930
1,0,1.0,1932,Andra kammaren,1930
1,0,1.0,1932,Andra kammaren,1930
1,0,1.0,1933,Första kammaren,1930
1,1,0.5,1933,Andra kammaren,1930
1,0,1.0,1933,Andra kammaren,1930
1,0,1.0,1934,Första kammaren,1930
1,0,1.0,1934,Första kammaren,1930
1,0,1.0,1934,Första kammaren,1930
1,0,1.0,1934,Andra kammaren,1930
1,0,1.0,1934,Andra kammaren,1930
1,0,1.0,1934,Andra kammaren,1930
1,0,1.0,1935,Första kammaren,1930
1,0,1.0,1935,Första kammaren,1930
1,0,1.0,1935,Första kammaren,1930
1,0,1.0,1935,Andra kammaren,1930
1,0,1.0,1935,Andra kammaren,1930
1,0,1.0,1935,Andra kammaren,1930
1,0,1.0,1936,Första kammaren,1930
1,0,1.0,1936,Andra kammaren,1930
1,0,1.0,1936,Andra kammaren,1930
1,0,1.0,1936,Andra kammaren,1930
1,0,1.0,1937,Första kammaren,1930
1,0,1.0,1937,Andra kammaren,1930
1,0,1.0,1937,Andra kammaren,1930
1,0,1.0,1937,Andra kammaren,1930
1,0,1.0,1938,Första kammaren,1930
1,0,1.0,1938,Första kammaren,1930
1,0,1.0,1938,Andra kammaren,1930
1,0,1.0,1938,Andra kammaren,1930
1,0,1.0,1939,Första kammaren,1930
1,0,1.0,1939,Första kammaren,1930
1,0,1.0,1939,Andra kammaren,1930
1,0,1.0,1939,Andra kammaren,1930
1,0,1.0,1939,Andra kammaren,1930
1,0,1.0,1940,Första kammaren,1940
1,0,1.0,1940,Första kammaren,1940
1,0,1.0,1940,Första kammaren,1940
1,0,1.0,1940,Andra kammaren,1940
1,0,1.0,1940,Andra kammaren,1940
1,0,1.0,1940,Andra kammaren,1940
1,0,1.0,1941,Första kammaren,1940
1,0,1.0,1941,Första kammaren,1940
1,0,1.0,1941,Första kammaren,1940
1,0,1.0,1941,Andra kammaren,1940
1,0,1.0,1941,Andra kammaren,1940
1,0,1.0,1941,Andra kammaren,1940
0,1,0.0,1942,Första kammaren,1940
1,0,1.0,1942,Första kammaren,1940
0,1,0.0,1942,Första kammaren,1940
1,0,1.0,1942,Andra kammaren,1940
1,0,1.0,1942,Andra kammaren,1940
1,0,1.0,1942,Andra kammaren,1940
1,0,1.0,1943,Första kammaren,1940
2,0,1.0,1943,Första kammaren,1940
1,0,1.0,1943,Andra kammaren,1940
1,0,1.0,1943,Andra kammaren,1940
1,0,1.0,1943,Andra kammaren,1940
1,0,1.0,1944,Första kammaren,1940
1,0,1.0,1944,Första kammaren,1940
1,0,1.0,1944,Första kammaren,1940
1,0,1.0,1944,Andra kammaren,1940
1,0,1.0,1944,Andra kammaren,1940
1,0,1.0,1944,Andra kammaren,1940
1,0,1.0,1945,Första kammaren,1940
1,0,1.0,1945,Första kammaren,1940
1,0,1.0,1945,Andra kammaren,1940
1,0,1.0,1945,Andra kammaren,1940
1,0,1.0,1946,Första kammaren,1940
1,0,1.0,1946,Första kammaren,1940
1,0,1.0,1946,Första kammaren,1940
1,0,1.0,1946,Andra kammaren,1940
1,0,1.0,1946,Andra kammaren,1940
1,0,1.0,1946,Andra kammaren,1940
1,0,1.0,1947,Första kammaren,1940
1,0,1.0,1947,Första kammaren,1940
1,0,1.0,1947,Andra kammaren,1940
1,0,1.0,1947,Andra kammaren,1940
1,0,1.0,1947,Andra kammaren,1940
1,0,1.0,1948,Första kammaren,1940
1,0,1.0,1948,Första kammaren,1940
1,0,1.0,1948,Första kammaren,1940
1,0,1.0,1948,Andra kammaren,1940
1,0,1.0,1948,Andra kammaren,1940
1,0,1.0,1949,Första kammaren,1940
1,0,1.0,1949,Första kammaren,1940
1,0,1.0,1949,Första kammaren,1940
1,0,1.0,1949,Andra kammaren,1940
1,0,1.0,1949,Andra kammaren,1940
1,0,1.0,1950,Första kammaren,1950
1,0,1.0,1950,Första kammaren,1950
1,0,1.0,1950,Första kammaren,1950
1,0,1.0,1950,Andra kammaren,1950
1,0,1.0,1950,Andra kammaren,1950
1,0,1.0,1951,Första kammaren,1950
0,1,0.0,1951,Första kammaren,1950
1,0,1.0,1951,Andra kammaren,1950
1,0,1.0,1951,Andra kammaren,1950
1,0,1.0,1951,Andra kammaren,1950
1,0,1.0,1952,Första kammaren,1950
1,0,1.0,1952,Första kammaren,1950
1,0,1.0,1952,Första kammaren,1950
1,0,1.0,1952,Andra kammaren,1950
1,0,1.0,1952,Andra kammaren,1950
1,0,1.0,1952,Andra kammaren,1950
1,0,1.0,1953,Första kammaren,1950
1,0,1.0,1953,Första kammaren,1950
1,0,1.0,1953,Första kammaren,1950
1,0,1.0,1953,Andra kammaren,1950
1,0,1.0,1953,Andra kammaren,1950
1,0,1.0,1953,Andra kammaren,1950
1,0,1.0,1954,Första kammaren,1950
1,0,1.0,1954,Första kammaren,1950
1,0,1.0,1954,Första kammaren,1950
1,0,1.0,1954,Andra kammaren,1950
1,0,1.0,1954,Andra kammaren,1950
1,0,1.0,1954,Andra kammaren,1950
1,0,1.0,1955,Första kammaren,1950
1,0,1.0,1955,Första kammaren,1950
1,0,1.0,1955,Första kammaren,1950
1,0,1.0,1955,Andra kammaren,1950
1,0,1.0,1955,Andra kammaren,1950
1,0,1.0,1955,Andra kammaren,1950
1,0,1.0,1956,Första kammaren,1950
1,0,1.0,1956,Första kammaren,1950
1,0,1.0,1956,Första kammaren,1950
1,0,1.0,1956,Andra kammaren,1950
1,0,1.0,1956,Andra kammaren,1950
1,0,1.0,1956,Andra kammaren,1950
1,0,1.0,1957,Första kammaren,1950
1,0,1.0,1957,Första kammaren,1950
1,0,1.0,1957,Första kammaren,1950
1,0,1.0,1957,Andra kammaren,1950
1,0,1.0,1957,Andra kammaren,1950
1,0,1.0,1957,Andra kammaren,1950
1,0,1.0,1958,Första kammaren,1950
1,0,1.0,1958,Första kammaren,1950
1,0,1.0,1958,Första kammaren,1950
1,0,1.0,1958,Andra kammaren,1950
1,0,1.0,1958,Andra kammaren,1950
1,0,1.0,1959,Första kammaren,1950
1,0,1.0,1959,Första kammaren,1950
1,0,1.0,1959,Andra kammaren,1950
1,0,1.0,1959,Andra kammaren,1950
1,0,1.0,1959,Andra kammaren,1950
1,0,1.0,1960,Första kammaren,1960
1,0,1.0,1960,Första kammaren,1960
1,0,1.0,1960,Andra kammaren,1960
1,0,1.0,1960,Andra kammaren,1960
1,0,1.0,1960,Andra kammaren,1960
1,0,1.0,1961,Första kammaren,1960
1,0,1.0,1961,Första kammaren,1960
1,0,1.0,1961,Första kammaren,1960
1,0,1.0,1961,Andra kammaren,1960
1,0,1.0,1961,Andra kammaren,1960
1,0,1.0,1961,Andra kammaren,1960
1,0,1.0,1962,Första kammaren,1960
1,0,1.0,1962,Första kammaren,1960
1,0,1.0,1962,Första kammaren,1960
1,0,1.0,1962,Andra kammaren,1960
1,0,1.0,1962,Andra kammaren,1960
1,0,1.0,1962,Andra kammaren,1960
1,0,1.0,1963,Första kammaren,1960
1,0,1.0,1963,Första kammaren,1960
0,1,0.0,1963,Första kammaren,1960
1,0,1.0,1963,Andra kammaren,1960
1,0,1.0,1963,Andra kammaren,1960
1,0,1.0,1963,Andra kammaren,1960
1,0,1.0,1964,Första kammaren,1960
1,0,1.0,1964,Första kammaren,1960
1,0,1.0,1964,Andra kammaren,1960
1,0,1.0,1964,Andra kammaren,1960
0,1,0.0,1964,Andra kammaren,1960
1,0,1.0,1965,Första kammaren,1960
1,0,1.0,1965,Första kammaren,1960
1,0,1.0,1965,Första kammaren,1960
1,0,1.0,1965,Andra kammaren,1960
1,0,1.0,1965,Andra kammaren,1960
1,0,1.0,1966,Första kammaren,1960
1,0,1.0,1966,Första kammaren,1960
1,0,1.0,1966,Första kammaren,1960
1,0,1.0,1966,Andra kammaren,1960
1,0,1.0,1966,Andra kammaren,1960
1,0,1.0,1967,Första kammaren,1960
1,0,1.0,1967,Första kammaren,1960
1,0,1.0,1967,Första kammaren,1960
1,0,1.0,1967,Andra kammaren,1960
1,0,1.0,1967,Andra kammaren,1960
1,0,1.0,1967,Andra kammaren,1960
1,0,1.0,1968,Första kammaren,1960
1,0,1.0,1968,Första kammaren,1960
1,0,1.0,1968,Andra kammaren,1960
1,0,1.0,1968,Andra kammaren,1960
1,0,1.0,1968,Andra kammaren,1960
1,0,1.0,1969,Första kammaren,1960
1,0,1.0,1969,Första kammaren,1960
1,0,1.0,1969,Första kammaren,1960
1,0,1.0,1969,Andra kammaren,1960
0,1,0.0,1969,Andra kammaren,1960
1,0,1.0,1969,Andra kammaren,1960
1,0,1.0,1970,Första kammaren,1970
1,0,1.0,1970,Första kammaren,1970
1,0,1.0,1970,Andra kammaren,1970
1,0,1.0,1970,Andra kammaren,1970
1,0,1.0,1971,Enkammarriksdagen,1970
1,0,1.0,1971,Enkammarriksdagen,1970
1,0,1.0,1971,Enkammarriksdagen,1970
1,0,1.0,1972,Enkammarriksdagen,1970
1,0,1.0,1972,Enkammarriksdagen,1970
1,0,1.0,1972,Enkammarriksdagen,1970
1,0,1.0,1973,Enkammarriksdagen,1970
1,0,1.0,1973,Enkammarriksdagen,1970
1,0,1.0,1973,Enkammarriksdagen,1970
1,0,1.0,1974,Enkammarriksdagen,1970
1,0,1.0,1974,Enkammarriksdagen,1970
1,0,1.0,1974,Enkammarriksdagen,1970
1,0,1.0,1975,Enkammarriksdagen,1970
1,0,1.0,1975,Enkammarriksdagen,1970
1,0,1.0,1975,Enkammarriksdagen,1970
1,0,1.0,1976,Enkammarriksdagen,1970
1,0,1.0,1976,Enkammarriksdagen,1970
1,0,1.0,1977,Enkammarriksdagen,1970
1,0,1.0,1977,Enkammarriksdagen,1970
1,0,1.0,1977,Enkammarriksdagen,1970
1,0,1.0,1978,Enkammarriksdagen,1970
1,0,1.0,1978,Enkammarriksdagen,1970
1,0,1.0,1978,Enkammarriksdagen,1970
1,0,1.0,1979,Enkammarriksdagen,1970
1,0,1.0,1979,Enkammarriksdagen,1970
1,0,1.0,1979,Enkammarriksdagen,1970
0,1,0.0,1980,Enkammarriksdagen,1980
1,0,1.0,1980,Enkammarriksdagen,1980
1,0,1.0,1980,Enkammarriksdagen,1980
1,0,1.0,1981,Enkammarriksdagen,1980
1,0,1.0,1981,Enkammarriksdagen,1980
1,0,1.0,1982,Enkammarriksdagen,1980
1,0,1.0,1982,Enkammarriksdagen,1980
1,0,1.0,1982,Enkammarriksdagen,1980
1,0,1.0,1983,Enkammarriksdagen,1980
1,0,1.0,1983,Enkammarriksdagen,1980
1,0,1.0,1983,Enkammarriksdagen,1980
1,0,1.0,1984,Enkammarriksdagen,1980
0,1,0.0,1984,Enkammarriksdagen,1980
1,0,1.0,1984,Enkammarriksdagen,1980
1,0,1.0,1985,Enkammarriksdagen,1980
1,0,1.0,1985,Enkammarriksdagen,1980
1,0,1.0,1985,Enkammarriksdagen,1980
1,0,1.0,1986,Enkammarriksdagen,1980
1,0,1.0,1986,Enkammarriksdagen,1980
1,0,1.0,1986,Enkammarriksdagen,1980
1,0,1.0,1987,Enkammarriksdagen,1980
1,0,1.0,1987,Enkammarriksdagen,1980
1,0,1.0,1987,Enkammarriksdagen,1980
0,1,0.0,1988,Enkammarriksdagen,1980
1,0,1.0,1988,Enkammarriksdagen,1980
1,0,1.0,1988,Enkammarriksdagen,1980
1,0,1.0,1989,Enkammarriksdagen,1980
1,0,1.0,1989,Enkammarriksdagen,1980
1,0,1.0,1989,Enkammarriksdagen,1980
1,0,1.0,1990,Enkammarriksdagen,1990
1,0,1.0,1990,Enkammarriksdagen,1990
1,0,1.0,1991,Enkammarriksdagen,1990
1,0,1.0,1991,Enkammarriksdagen,1990
1,0,1.0,1991,Enkammarriksdagen,1990
1,0,1.0,1992,Enkammarriksdagen,1990
1,0,1.0,1992,Enkammarriksdagen,1990
1,0,1.0,1992,Enkammarriksdagen,1990
1,0,1.0,1993,Enkammarriksdagen,1990
1,0,1.0,1993,Enkammarriksdagen,1990
1,0,1.0,1993,Enkammarriksdagen,1990
2,0,1.0,1994,Enkammarriksdagen,1990
1,0,1.0,1994,Enkammarriksdagen,1990
1,0,1.0,1995,Enkammarriksdagen,1990
1,0,1.0,1995,Enkammarriksdagen,1990
1,0,1.0,1995,Enkammarriksdagen,1990
1,0,1.0,1996,Enkammarriksdagen,1990
1,0,1.0,1996,Enkammarriksdagen,1990
1,0,1.0,1996,Enkammarriksdagen,1990
1,0,1.0,1997,Enkammarriksdagen,1990
2,0,1.0,1997,Enkammarriksdagen,1990
1,0,1.0,1998,Enkammarriksdagen,1990
1,0,1.0,1998,Enkammarriksdagen,1990
1,0,1.0,1998,Enkammarriksdagen,1990
1,0,1.0,1999,Enkammarriksdagen,1990
1,0,1.0,1999,Enkammarriksdagen,1990
1,0,1.0,1999,Enkammarriksdagen,1990
1,0,1.0,2000,Enkammarriksdagen,2000
1,0,1.0,2000,Enkammarriksdagen,2000
1,0,1.0,2000,Enkammarriksdagen,2000
1,0,1.0,2001,Enkammarriksdagen,2000
1,0,1.0,2001,Enkammarriksdagen,2000
1,0,1.0,2001,Enkammarriksdagen,2000
1,0,1.0,2002,Enkammarriksdagen,2000
1,0,1.0,2002,Enkammarriksdagen,2000
1,0,1.0,2002,Enkammarriksdagen,2000
1,0,1.0,2003,Enkammarriksdagen,2000
1,0,1.0,2003,Enkammarriksdagen,2000
1,0,1.0,2003,Enkammarriksdagen,2000
2,0,1.0,2004,Enkammarriksdagen,2000
1,0,1.0,2004,Enkammarriksdagen,2000
1,0,1.0,2005,Enkammarriksdagen,2000
1,0,1.0,2005,Enkammarriksdagen,2000
1,0,1.0,2005,Enkammarriksdagen,2000
1,0,1.0,2006,Enkammarriksdagen,2000
1,0,1.0,2006,Enkammarriksdagen,2000
1,0,1.0,2006,Enkammarriksdagen,2000
1,0,1.0,2007,Enkammarriksdagen,2000
1,0,1.0,2007,Enkammarriksdagen,2000
1,0,1.0,2007,Enkammarriksdagen,2000
1,0,1.0,2008,Enkammarriksdagen,2000
1,0,1.0,2008,Enkammarriksdagen,2000
1,0,1.0,2008,Enkammarriksdagen,2000
1,0,1.0,2009,Enkammarriksdagen,2000
2,0,1.0,2009,Enkammarriksdagen,2000
1,0,1.0,2010,Enkammarriksdagen,2010
1,0,1.0,2010,Enkammarriksdagen,2010
1,0,1.0,2010,Enkammarriksdagen,2010
1,0,1.0,2011,Enkammarriksdagen,2010
1,0,1.0,2011,Enkammarriksdagen,2010
1,0,1.0,2011,Enkammarriksdagen,2010
1,0,1.0,2012,Enkammarriksdagen,2010
1,0,1.0,2012,Enkammarriksdagen,2010
1,0,1.0,2012,Enkammarriksdagen,2010
1,0,1.0,2013,Enkammarriksdagen,2010
1,0,1.0,2013,Enkammarriksdagen,2010
1,0,1.0,2013,Enkammarriksdagen,2010
1,0,1.0,2014,Enkammarriksdagen,2010
1,0,1.0,2014,Enkammarriksdagen,2010
1,0,1.0,2014,Enkammarriksdagen,2010
2,0,1.0,2015,Enkammarriksdagen,2010
1,0,1.0,2015,Enkammarriksdagen,2010
1,0,1.0,2016,Enkammarriksdagen,2010
1,0,1.0,2016,Enkammarriksdagen,2010
1,0,1.0,2016,Enkammarriksdagen,2010
1,0,1.0,2017,Enkammarriksdagen,2010
1,0,1.0,2017,Enkammarriksdagen,2010
1,0,1.0,2017,Enkammarriksdagen,2010
1,0,1.0,2018,Enkammarriksdagen,2010
1,0,1.0,2018,Enkammarriksdagen,2010
1,0,1.0,2018,Enkammarriksdagen,2010
1,0,1.0,2019,Enkammarriksdagen,2010
1,0,1.0,2019,Enkammarriksdagen,2010
1,0,1.0,2019,Enkammarriksdagen,2010
1,0,1.0,2020,Enkammarriksdagen,2020
1,0,1.0,2020,Enkammarriksdagen,2020
1,0,1.0,2020,Enkammarriksdagen,2020
1,0,1.0,2021,Enkammarriksdagen,2020
2,0,1.0,2021,Enkammarriksdagen,2020
1,0,1.0,1867,Första kammaren,1860
0,1,0.0,1867,Första kammaren,1860
1,0,1.0,1867,Första kammaren,1860
1,0,1.0,1867,Andra kammaren,1860
1,0,1.0,1867,Andra kammaren,1860
1,0,1.0,1867,Andra kammaren,1860
0,1,0.0,1868,Andra kammaren,1860
1,0,1.0,1868,Andra kammaren,1860
1,0,1.0,1868,Andra kammaren,1860
1,0,1.0,1868,Första kammaren,1860
1,0,1.0,1868,Första kammaren,1860
1,0,1.0,1868,Första kammaren,1860
1,0,1.0,1869,Andra kammaren,1860
1,0,1.0,1869,Andra kammaren,1860
1,0,1.0,1869,Andra kammaren,1860
1,0,1.0,1869,Första kammaren,1860
1,0,1.0,1869,Första kammaren,1860
0,1,0.0,1869,Första kammaren,1860
1,0,1.0,1870,Andra kammaren,1870
1,0,1.0,1870,Andra kammaren,1870
1,0,1.0,1870,Andra kammaren,1870
2,0,1.0,1870,Första kammaren,1870
1,0,1.0,1870,Första kammaren,1870
0,1,0.0,1871,Andra kammaren,1870
1,0,1.0,1871,Andra kammaren,1870
1,0,1.0,1871,Andra kammaren,1870
1,0,1.0,1871,Första kammaren,1870
1,0,1.0,1871,Första kammaren,1870
0,1,0.0,1871,Första kammaren,1870
1,0,1.0,1872,Första kammaren,1870
1,0,1.0,1872,Första kammaren,1870
1,0,1.0,1872,Första kammaren,1870
1,0,1.0,1872,Andra kammaren,1870
1,0,1.0,1872,Andra kammaren,1870
1,0,1.0,1872,Andra kammaren,1870
1,0,1.0,1873,Första kammaren,1870
0,1,0.0,1873,Första kammaren,1870
1,0,1.0,1873,Andra kammaren,1870
1,0,1.0,1873,Andra kammaren,1870
1,0,1.0,1873,Andra kammaren,1870
0,1,0.0,1874,Andra kammaren,1870
1,0,1.0,1874,Andra kammaren,1870
0,1,0.0,1874,Andra kammaren,1870
1,0,1.0,1874,Första kammaren,1870
0,1,0.0,1874,Första kammaren,1870
0,1,0.0,1874,Första kammaren,1870
1,0,1.0,1875,Första kammaren,1870
1,0,1.0,1875,Första kammaren,1870
1,0,1.0,1875,Första kammaren,1870
1,0,1.0,1875,Andra kammaren,1870
1,0,1.0,1875,Andra kammaren,1870
1,0,1.0,1876,Andra kammaren,1870
1,0,1.0,1876,Andra kammaren,1870
1,0,1.0,1876,Andra kammaren,1870
2,0,1.0,1876,Första kammaren,1870
1,0,1.0,1877,Första kammaren,1870
1,0,1.0,1877,Första kammaren,1870
1,0,1.0,1877,Andra kammaren,1870
1,0,1.0,1877,Andra kammaren,1870
1,0,1.0,1877,Andra kammaren,1870
0,1,0.0,1878,Första kammaren,1870
1,0,1.0,1878,Första kammaren,1870
1,0,1.0,1878,Första kammaren,1870
1,1,0.5,1878,Andra kammaren,1870
1,0,1.0,1878,Andra kammaren,1870
1,0,1.0,1879,Första kammaren,1870
1,0,1.0,1879,Första kammaren,1870
1,0,1.0,1879,Andra kammaren,1870
1,0,1.0,1879,Andra kammaren,1870
1,0,1.0,1879,Andra kammaren,1870
1,0,1.0,1880,Första kammaren,1880
1,0,1.0,1880,Första kammaren,1880
0,1,0.0,1880,Första kammaren,1880
1,0,1.0,1880,Andra kammaren,1880
0,1,0.0,1880,Andra kammaren,1880
1,0,1.0,1880,Andra kammaren,1880
1,0,1.0,1881,Andra kammaren,1880
0,1,0.0,1881,Andra kammaren,1880
1,0,1.0,1881,Andra kammaren,1880
1,0,1.0,1881,Första kammaren,1880
1,0,1.0,1881,Första kammaren,1880
1,0,1.0,1881,Första kammaren,1880
1,0,1.0,1882,Första kammaren,1880
1,0,1.0,1882,Första kammaren,1880
1,0,1.0,1882,Andra kammaren,1880
1,0,1.0,1882,Andra kammaren,1880
1,0,1.0,1882,Andra kammaren,1880
1,0,1.0,1883,Första kammaren,1880
1,0,1.0,1883,Första kammaren,1880
1,0,1.0,1883,Första kammaren,1880
1,0,1.0,1883,Andra kammaren,1880
1,0,1.0,1883,Andra kammaren,1880
1,0,1.0,1883,Andra kammaren,1880
1,0,1.0,1884,Första kammaren,1880
1,0,1.0,1884,Första kammaren,1880
1,0,1.0,1884,Första kammaren,1880
1,0,1.0,1884,Andra kammaren,1880
1,0,1.0,1884,Andra kammaren,1880
1,0,1.0,1884,Andra kammaren,1880
1,0,1.0,1885,Andra kammaren,1880
0,1,0.0,1885,Andra kammaren,1880
0,1,0.0,1885,Andra kammaren,1880
1,0,1.0,1885,Första kammaren,1880
1,0,1.0,1885,Första kammaren,1880
1,0,1.0,1886,Andra kammaren,1880
1,0,1.0,1886,Andra kammaren,1880
1,0,1.0,1886,Andra kammaren,1880
0,1,0.0,1886,Första kammaren,1880
1,0,1.0,1886,Första kammaren,1880
1,0,1.0,1886,Första kammaren,1880
1,0,1.0,1887,Första kammaren,1880
1,0,1.0,1887,Första kammaren,1880
0,1,0.0,1887,Andra kammaren,1880
1,0,1.0,1887,Andra kammaren,1880
1,0,1.0,1887,Andra kammaren,1880
1,0,1.0,1888,Första kammaren,1880
0,1,0.0,1888,Andra kammaren,1880
0,1,0.0,1888,Andra kammaren,1880
1,0,1.0,1889,Första kammaren,1880
0,1,0.0,1889,Första kammaren,1880
1,0,1.0,1889,Första kammaren,1880
1,0,1.0,1889,Andra kammaren,1880
1,0,1.0,1889,Andra kammaren,1880
1,0,1.0,1890,Första kammaren,1890
1,0,1.0,1890,Första kammaren,1890
0,1,0.0,1890,Första kammaren,1890
1,0,1.0,1890,Andra kammaren,1890
1,0,1.0,1890,Andra kammaren,1890
1,0,1.0,1890,Andra kammaren,1890
1,0,1.0,1891,Första kammaren,1890
0,1,0.0,1891,Första kammaren,1890
1,0,1.0,1891,Första kammaren,1890
1,0,1.0,1891,Andra kammaren,1890
1,0,1.0,1891,Andra kammaren,1890
1,0,1.0,1892,Första kammaren,1890
1,0,1.0,1892,Första kammaren,1890
1,0,1.0,1892,Andra kammaren,1890
1,0,1.0,1892,Andra kammaren,1890
1,0,1.0,1892,Andra kammaren,1890
1,0,1.0,1893,Första kammaren,1890
1,0,1.0,1893,Första kammaren,1890
1,0,1.0,1893,Första kammaren,1890
1,0,1.0,1893,Andra kammaren,1890
1,0,1.0,1893,Andra kammaren,1890
0,1,0.0,1894,Första kammaren,1890
0,1,0.0,1894,Första kammaren,1890
1,0,1.0,1894,Första kammaren,1890
1,0,1.0,1894,Andra kammaren,1890
1,0,1.0,1894,Andra kammaren,1890
1,0,1.0,1894,Andra kammaren,1890
1,0,1.0,1895,Första kammaren,1890
1,0,1.0,1895,Första kammaren,1890
1,0,1.0,1895,Första kammaren,1890
1,0,1.0,1895,Andra kammaren,1890
1,0,1.0,1895,Andra kammaren,1890
1,0,1.0,1895,Andra kammaren,1890
1,0,1.0,1896,Första kammaren,1890
1,0,1.0,1896,Första kammaren,1890
0,1,0.0,1896,Första kammaren,1890
0,1,0.0,1896,Andra kammaren,1890
1,0,1.0,1896,Andra kammaren,1890
1,0,1.0,1896,Andra kammaren,1890
1,0,1.0,1897,Andra kammaren,1890
1,0,1.0,1897,Andra kammaren,1890
1,0,1.0,1897,Första kammaren,1890
1,0,1.0,1897,Första kammaren,1890
1,0,1.0,1897,Första kammaren,1890
1,0,1.0,1898,Första kammaren,1890
1,0,1.0,1898,Första kammaren,1890
1,0,1.0,1898,Första kammaren,1890
1,0,1.0,1898,Andra kammaren,1890
1,0,1.0,1898,Andra kammaren,1890
1,0,1.0,1899,Första kammaren,1890
1,0,1.0,1899,Första kammaren,1890
1,0,1.0,1899,Första kammaren,1890
1,1,0.5,1899,Andra kammaren,1890
1,0,1.0,1899,Andra kammaren,1890
1,0,1.0,1900,Första kammaren,1900
1,0,1.0,1900,Första kammaren,1900
1,0,1.0,1900,Första kammaren,1900
1,0,1.0,1900,Andra kammaren,1900
1,0,1.0,1900,Andra kammaren,1900
1,0,1.0,1900,Andra kammaren,1900
1,0,1.0,1901,Andra kammaren,1900
1,0,1.0,1901,Andra kammaren,1900
1,0,1.0,1901,Andra kammaren,1900
1,0,1.0,1901,Första kammaren,1900
1,0,1.0,1901,Första kammaren,1900
1,0,1.0,1901,Första kammaren,1900
2,0,1.0,1902,Första kammaren,1900
1,0,1.0,1902,Första kammaren,1900
1,0,1.0,1902,Andra kammaren,1900
1,0,1.0,1902,Andra kammaren,1900
1,0,1.0,1903,Första kammaren,1900
2,0,1.0,1903,Första kammaren,1900
1,0,1.0,1903,Andra kammaren,1900
1,0,1.0,1903,Andra kammaren,1900
1,0,1.0,1904,Första kammaren,1900
1,0,1.0,1904,Andra kammaren,1900
1,0,1.0,1904,Andra kammaren,1900
1,0,1.0,1904,Andra kammaren,1900
1,0,1.0,1905,Första kammaren,1900
1,0,1.0,1905,Första kammaren,1900
1,0,1.0,1905,Första kammaren,1900
1,0,1.0,1905,Andra kammaren,1900
1,0,1.0,1905,Andra kammaren,1900
1,0,1.0,1906,Andra kammaren,1900
1,0,1.0,1906,Andra kammaren,1900
1,0,1.0,1906,Andra kammaren,1900
1,0,1.0,1906,Första kammaren,1900
1,0,1.0,1906,Första kammaren,1900
1,0,1.0,1906,Första kammaren,1900
1,0,1.0,1907,Första kammaren,1900
1,0,1.0,1907,Första kammaren,1900
1,0,1.0,1907,Andra kammaren,1900
1,0,1.0,1907,Andra kammaren,1900
1,0,1.0,1907,Andra kammaren,1900
0,1,0.0,1908,Första kammaren,1900
1,0,1.0,1908,Första kammaren,1900
1,0,1.0,1908,Andra kammaren,1900
0,1,0.0,1908,Andra kammaren,1900
0,1,0.0,1909,Andra kammaren,1900
1,0,1.0,1909,Andra kammaren,1900
1,0,1.0,1909,Andra kammaren,1900
0,1,0.0,1909,Första kammaren,1900
1,0,1.0,1909,Första kammaren,1900
1,0,1.0,1909,Första kammaren,1900
