protocol_id,link,titles
prot-1871--ak--0519,https://swerik-project.github.io/riksdagen-records-pdf/1871/prot-1871--ak--0519/prot-1871--ak--0519_005,no header
prot-1872--ak--0120,https://swerik-project.github.io/riksdagen-records-pdf/1872/prot-1872--ak--0120/prot-1872--ak--0120_001,§ 1.
prot-1872--ak--0404,https://swerik-project.github.io/riksdagen-records-pdf/1872/prot-1872--ak--0404/prot-1872--ak--0404_079,no header
prot-1872--fk--0228,https://swerik-project.github.io/riksdagen-records-pdf/1872/prot-1872--fk--0228/prot-1872--fk--0228_041,no header
prot-1872--fk--0316,https://swerik-project.github.io/riksdagen-records-pdf/1872/prot-1872--fk--0316/prot-1872--fk--0316_017,no header
prot-1872--fk--0425,https://swerik-project.github.io/riksdagen-records-pdf/1872/prot-1872--fk--0425/prot-1872--fk--0425_002,no header
prot-1872--fk--0506,https://swerik-project.github.io/riksdagen-records-pdf/1872/prot-1872--fk--0506/prot-1872--fk--0506_005,no header
prot-1873--ak--0208,https://swerik-project.github.io/riksdagen-records-pdf/1873/prot-1873--ak--0208/prot-1873--ak--0208_043,§ 6.; § 7.; § 8.
prot-1873--ak--0228,https://swerik-project.github.io/riksdagen-records-pdf/1873/prot-1873--ak--0228/prot-1873--ak--0228_000,§ 1.; § 2.; § 3.; § 4.
prot-1873--ak--0308,https://swerik-project.github.io/riksdagen-records-pdf/1873/prot-1873--ak--0308/prot-1873--ak--0308_019,no header
prot-1873--ak--0319,https://swerik-project.github.io/riksdagen-records-pdf/1873/prot-1873--ak--0319/prot-1873--ak--0319_015,no header
prot-1873--ak--0510,https://swerik-project.github.io/riksdagen-records-pdf/1873/prot-1873--ak--0510/prot-1873--ak--0510_068,no header
prot-1873--fk--0308,https://swerik-project.github.io/riksdagen-records-pdf/1873/prot-1873--fk--0308/prot-1873--fk--0308_035,no header
prot-1874--ak--0318,https://swerik-project.github.io/riksdagen-records-pdf/1874/prot-1874--ak--0318/prot-1874--ak--0318_063,no header
prot-1875--ak--015,https://swerik-project.github.io/riksdagen-records-pdf/1875/prot-1875--ak--015/prot-1875--ak--015_038,no header
prot-1875--fk--032,https://swerik-project.github.io/riksdagen-records-pdf/1875/prot-1875--fk--032/prot-1875--fk--032_003,no header
prot-1875--fk--040,https://swerik-project.github.io/riksdagen-records-pdf/1875/prot-1875--fk--040/prot-1875--fk--040_026,no header
prot-1876--fk--025,https://swerik-project.github.io/riksdagen-records-pdf/1876/prot-1876--fk--025/prot-1876--fk--025_002,no header
prot-1877--ak--020,https://swerik-project.github.io/riksdagen-records-pdf/1877/prot-1877--ak--020/prot-1877--ak--020_020,no header
prot-1877--ak--044,https://swerik-project.github.io/riksdagen-records-pdf/1877/prot-1877--ak--044/prot-1877--ak--044_051,no header
prot-1877--ak--048,https://swerik-project.github.io/riksdagen-records-pdf/1877/prot-1877--ak--048/prot-1877--ak--048_051,no header
prot-1877--ak--061,https://swerik-project.github.io/riksdagen-records-pdf/1877/prot-1877--ak--061/prot-1877--ak--061_043,no header
prot-1877--fk--014,https://swerik-project.github.io/riksdagen-records-pdf/1877/prot-1877--fk--014/prot-1877--fk--014_014,no header
prot-1877--fk--023,https://swerik-project.github.io/riksdagen-records-pdf/1877/prot-1877--fk--023/prot-1877--fk--023_006,no header
prot-1878--ak--026,https://swerik-project.github.io/riksdagen-records-pdf/1878/prot-1878--ak--026/prot-1878--ak--026_048,no header
prot-1878--ak--046,https://swerik-project.github.io/riksdagen-records-pdf/1878/prot-1878--ak--046/prot-1878--ak--046_040,no header
prot-1878--fk--010,https://swerik-project.github.io/riksdagen-records-pdf/1878/prot-1878--fk--010/prot-1878--fk--010_020,no header
prot-1879--ak--002,https://swerik-project.github.io/riksdagen-records-pdf/1879/prot-1879--ak--002/prot-1879--ak--002_011,no header
prot-1879--ak--019,https://swerik-project.github.io/riksdagen-records-pdf/1879/prot-1879--ak--019/prot-1879--ak--019_018,no header
prot-1879--fk--021,https://swerik-project.github.io/riksdagen-records-pdf/1879/prot-1879--fk--021/prot-1879--fk--021_034,no header
prot-1880--ak--059,https://swerik-project.github.io/riksdagen-records-pdf/1880/prot-1880--ak--059/prot-1880--ak--059_023,§ 13.
prot-1881--ak--024,https://swerik-project.github.io/riksdagen-records-pdf/1881/prot-1881--ak--024/prot-1881--ak--024_018,no header
prot-1881--fk--014,https://swerik-project.github.io/riksdagen-records-pdf/1881/prot-1881--fk--014/prot-1881--fk--014_032,no header
prot-1882--ak--012,https://swerik-project.github.io/riksdagen-records-pdf/1882/prot-1882--ak--012/prot-1882--ak--012_005,no header
prot-1882--ak--020,https://swerik-project.github.io/riksdagen-records-pdf/1882/prot-1882--ak--020/prot-1882--ak--020_027,§ 10.; § 11.; § 12. 
prot-1882--ak--037,https://swerik-project.github.io/riksdagen-records-pdf/1882/prot-1882--ak--037/prot-1882--ak--037_022,no header
prot-1882--ak--042,https://swerik-project.github.io/riksdagen-records-pdf/1882/prot-1882--ak--042/prot-1882--ak--042_008,no header
prot-1882--ak--049,https://swerik-project.github.io/riksdagen-records-pdf/1882/prot-1882--ak--049/prot-1882--ak--049_002,§ 5.
prot-1882--ak--052,https://swerik-project.github.io/riksdagen-records-pdf/1882/prot-1882--ak--052/prot-1882--ak--052_000,§ 1.
prot-1882--ak--058,https://swerik-project.github.io/riksdagen-records-pdf/1882/prot-1882--ak--058/prot-1882--ak--058_023,no header
prot-1882--fk--008,https://swerik-project.github.io/riksdagen-records-pdf/1882/prot-1882--fk--008/prot-1882--fk--008_025,no header
prot-1882--fk--047,https://swerik-project.github.io/riksdagen-records-pdf/1882/prot-1882--fk--047/prot-1882--fk--047_046,no header
prot-1883--ak--021,https://swerik-project.github.io/riksdagen-records-pdf/1883/prot-1883--ak--021/prot-1883--ak--021_019,no header
prot-1883--fk--027,https://swerik-project.github.io/riksdagen-records-pdf/1883/prot-1883--fk--027/prot-1883--fk--027_027,no header
prot-1884--fk--040,https://swerik-project.github.io/riksdagen-records-pdf/1884/prot-1884--fk--040/prot-1884--fk--040_046,no header
prot-1885--fk--021,https://swerik-project.github.io/riksdagen-records-pdf/1885/prot-1885--fk--021/prot-1885--fk--021_045,no header
prot-1885--fk--028,https://swerik-project.github.io/riksdagen-records-pdf/1885/prot-1885--fk--028/prot-1885--fk--028_022,no header
prot-1886--fk--019,https://swerik-project.github.io/riksdagen-records-pdf/1886/prot-1886--fk--019/prot-1886--fk--019_013,no header
prot-1887-janmar-ak--010,https://swerik-project.github.io/riksdagen-records-pdf/1887/prot-1887-janmar-ak--010/prot-1887-janmar-ak--010_030,no header
prot-1887-majjul-ak--011,https://swerik-project.github.io/riksdagen-records-pdf/1887/prot-1887-majjul-ak--011/prot-1887-majjul-ak--011_031,no header
prot-1887-majjul-ak--015,https://swerik-project.github.io/riksdagen-records-pdf/1887/prot-1887-majjul-ak--015/prot-1887-majjul-ak--015_035,no header
prot-1887-majjul-ak--027,https://swerik-project.github.io/riksdagen-records-pdf/1887/prot-1887-majjul-ak--027/prot-1887-majjul-ak--027_047,no header
prot-1887-majjul-fk--010,https://swerik-project.github.io/riksdagen-records-pdf/1887/prot-1887-majjul-fk--010/prot-1887-majjul-fk--010_027,no header
prot-1887-majjul-fk--017,https://swerik-project.github.io/riksdagen-records-pdf/1887/prot-1887-majjul-fk--017/prot-1887-majjul-fk--017_022,no header
prot-1888--ak--033,https://swerik-project.github.io/riksdagen-records-pdf/1888/prot-1888--ak--033/prot-1888--ak--033_015,no header
prot-1888--ak--051,https://swerik-project.github.io/riksdagen-records-pdf/1888/prot-1888--ak--051/prot-1888--ak--051_003,no header
prot-1888--fk--026,https://swerik-project.github.io/riksdagen-records-pdf/1888/prot-1888--fk--026/prot-1888--fk--026_000,no header
prot-1889--ak--019,https://swerik-project.github.io/riksdagen-records-pdf/1889/prot-1889--ak--019/prot-1889--ak--019_014,no header
prot-1889--ak--028,https://swerik-project.github.io/riksdagen-records-pdf/1889/prot-1889--ak--028/prot-1889--ak--028_029,no header
prot-1889--fk--026,https://swerik-project.github.io/riksdagen-records-pdf/1889/prot-1889--fk--026/prot-1889--fk--026_055,no header
prot-1890--fk--006,https://swerik-project.github.io/riksdagen-records-pdf/1890/prot-1890--fk--006/prot-1890--fk--006_004,no header
prot-1891--ak--030,https://swerik-project.github.io/riksdagen-records-pdf/1891/prot-1891--ak--030/prot-1891--ak--030_013,no header
prot-1891--fk--008,https://swerik-project.github.io/riksdagen-records-pdf/1891/prot-1891--fk--008/prot-1891--fk--008_010,no header
prot-1891--fk--037,https://swerik-project.github.io/riksdagen-records-pdf/1891/prot-1891--fk--037/prot-1891--fk--037_000,no header
prot-1892--ak--014,https://swerik-project.github.io/riksdagen-records-pdf/1892/prot-1892--ak--014/prot-1892--ak--014_037,no header
prot-1892--ak--026,https://swerik-project.github.io/riksdagen-records-pdf/1892/prot-1892--ak--026/prot-1892--ak--026_024,no header
prot-1892--ak--031,https://swerik-project.github.io/riksdagen-records-pdf/1892/prot-1892--ak--031/prot-1892--ak--031_046,no header
prot-1892--ak--037,https://swerik-project.github.io/riksdagen-records-pdf/1892/prot-1892--ak--037/prot-1892--ak--037_033,no header
prot-1892--ak--040,https://swerik-project.github.io/riksdagen-records-pdf/1892/prot-1892--ak--040/prot-1892--ak--040_014,no header
prot-1892--ak--045,https://swerik-project.github.io/riksdagen-records-pdf/1892/prot-1892--ak--045/prot-1892--ak--045_040,no header
prot-1892--fk--007,https://swerik-project.github.io/riksdagen-records-pdf/1892/prot-1892--fk--007/prot-1892--fk--007_013,no header
prot-1892--fk--044,https://swerik-project.github.io/riksdagen-records-pdf/1892/prot-1892--fk--044/prot-1892--fk--044_024,no header
prot-1893--ak--005,https://swerik-project.github.io/riksdagen-records-pdf/1893/prot-1893--ak--005/prot-1893--ak--005_008,§ 7.
prot-1893--fk--016,https://swerik-project.github.io/riksdagen-records-pdf/1893/prot-1893--fk--016/prot-1893--fk--016_015,no header
prot-1894--fk--018,https://swerik-project.github.io/riksdagen-records-pdf/1894/prot-1894--fk--018/prot-1894--fk--018_018,no header
prot-1895--ak--044,https://swerik-project.github.io/riksdagen-records-pdf/1895/prot-1895--ak--044/prot-1895--ak--044_024,no header
prot-1895--fk--008,https://swerik-project.github.io/riksdagen-records-pdf/1895/prot-1895--fk--008/prot-1895--fk--008_004,no header
prot-1896--ak--047,https://swerik-project.github.io/riksdagen-records-pdf/1896/prot-1896--ak--047/prot-1896--ak--047_037,§ 8.
prot-1896--fk--023,https://swerik-project.github.io/riksdagen-records-pdf/1896/prot-1896--fk--023/prot-1896--fk--023_057,no header
prot-1897--ak--017,https://swerik-project.github.io/riksdagen-records-pdf/1897/prot-1897--ak--017/prot-1897--ak--017_043,no header
prot-1897--ak--020,https://swerik-project.github.io/riksdagen-records-pdf/1897/prot-1897--ak--020/prot-1897--ak--020_011,no header
prot-1897--ak--030,https://swerik-project.github.io/riksdagen-records-pdf/1897/prot-1897--ak--030/prot-1897--ak--030_038,no header
prot-1897--ak--040,https://swerik-project.github.io/riksdagen-records-pdf/1897/prot-1897--ak--040/prot-1897--ak--040_044,no header
prot-1897--ak--044,https://swerik-project.github.io/riksdagen-records-pdf/1897/prot-1897--ak--044/prot-1897--ak--044_016,no header
prot-1898--ak--009,https://swerik-project.github.io/riksdagen-records-pdf/1898/prot-1898--ak--009/prot-1898--ak--009_028,no header
prot-1898--ak--024,https://swerik-project.github.io/riksdagen-records-pdf/1898/prot-1898--ak--024/prot-1898--ak--024_049,no header
prot-1898--ak--039,https://swerik-project.github.io/riksdagen-records-pdf/1898/prot-1898--ak--039/prot-1898--ak--039_061,no header
prot-1898--fk--029,https://swerik-project.github.io/riksdagen-records-pdf/1898/prot-1898--fk--029/prot-1898--fk--029_063,no header
prot-1899--ak--006,https://swerik-project.github.io/riksdagen-records-pdf/1899/prot-1899--ak--006/prot-1899--ak--006_008,§ 7.; § 8.
prot-1899--fk--014,https://swerik-project.github.io/riksdagen-records-pdf/1899/prot-1899--fk--014/prot-1899--fk--014_008,no header
prot-1900--fk--025,https://swerik-project.github.io/riksdagen-records-pdf/1900/prot-1900--fk--025/prot-1900--fk--025_053,no header
prot-1901--fk--009,https://swerik-project.github.io/riksdagen-records-pdf/1901/prot-1901--fk--009/prot-1901--fk--009_001,no header
prot-1902--ak--013,https://swerik-project.github.io/riksdagen-records-pdf/1902/prot-1902--ak--013/prot-1902--ak--013_034,no header
prot-1902--ak--042,https://swerik-project.github.io/riksdagen-records-pdf/1902/prot-1902--ak--042/prot-1902--ak--042_000,§ 1.
prot-1902--ak--051,https://swerik-project.github.io/riksdagen-records-pdf/1902/prot-1902--ak--051/prot-1902--ak--051_005,no header
prot-1902--fk--021,https://swerik-project.github.io/riksdagen-records-pdf/1902/prot-1902--fk--021/prot-1902--fk--021_051,no header
prot-1902--fk--026,https://swerik-project.github.io/riksdagen-records-pdf/1902/prot-1902--fk--026/prot-1902--fk--026_028,no header
prot-1902--fk--036,https://swerik-project.github.io/riksdagen-records-pdf/1902/prot-1902--fk--036/prot-1902--fk--036_052,no header
prot-1903--ak--011,https://swerik-project.github.io/riksdagen-records-pdf/1903/prot-1903--ak--011/prot-1903--ak--011_002,§ 3.
prot-1903--ak--018,https://swerik-project.github.io/riksdagen-records-pdf/1903/prot-1903--ak--018/prot-1903--ak--018_004,§ 8.; § 9.; § 10.
prot-1903--ak--026,https://swerik-project.github.io/riksdagen-records-pdf/1903/prot-1903--ak--026/prot-1903--ak--026_017,no header
prot-1903--ak--063,https://swerik-project.github.io/riksdagen-records-pdf/1903/prot-1903--ak--063/prot-1903--ak--063_002,no header
prot-1903--fk--030,https://swerik-project.github.io/riksdagen-records-pdf/1903/prot-1903--fk--030/prot-1903--fk--030_014,no header
prot-1904--ak--052,https://swerik-project.github.io/riksdagen-records-pdf/1904/prot-1904--ak--052/prot-1904--ak--052_076,no header
prot-1905--ak--052,https://swerik-project.github.io/riksdagen-records-pdf/1905/prot-1905--ak--052/prot-1905--ak--052_041,no header
prot-1906--ak--035,https://swerik-project.github.io/riksdagen-records-pdf/1906/prot-1906--ak--035/prot-1906--ak--035_025,no header
prot-1906--ak--045,https://swerik-project.github.io/riksdagen-records-pdf/1906/prot-1906--ak--045/prot-1906--ak--045_053,§ 6.
prot-1907--ak--044,https://swerik-project.github.io/riksdagen-records-pdf/1907/prot-1907--ak--044/prot-1907--ak--044_010,no header
prot-1907--ak--064,https://swerik-project.github.io/riksdagen-records-pdf/1907/prot-1907--ak--064/prot-1907--ak--064_023,no header
prot-1907--fk--035,https://swerik-project.github.io/riksdagen-records-pdf/1907/prot-1907--fk--035/prot-1907--fk--035_031,no header
prot-1907--fk--039,https://swerik-project.github.io/riksdagen-records-pdf/1907/prot-1907--fk--039/prot-1907--fk--039_035,no header
prot-1907--fk--053,https://swerik-project.github.io/riksdagen-records-pdf/1907/prot-1907--fk--053/prot-1907--fk--053_005,no header
prot-1908--ak--017,https://swerik-project.github.io/riksdagen-records-pdf/1908/prot-1908--ak--017/prot-1908--ak--017_013,no header
prot-1908--ak--026,https://swerik-project.github.io/riksdagen-records-pdf/1908/prot-1908--ak--026/prot-1908--ak--026_063,no header
prot-1908--ak--067,https://swerik-project.github.io/riksdagen-records-pdf/1908/prot-1908--ak--067/prot-1908--ak--067_004,§ 4.; § 5.
prot-1908--fk--022,https://swerik-project.github.io/riksdagen-records-pdf/1908/prot-1908--fk--022/prot-1908--fk--022_004,no header
prot-1908--fk--057,https://swerik-project.github.io/riksdagen-records-pdf/1908/prot-1908--fk--057/prot-1908--fk--057_007,no header
prot-1909--ak--030,https://swerik-project.github.io/riksdagen-records-pdf/1909/prot-1909--ak--030/prot-1909--ak--030_007,no header
prot-1909--ak--042,https://swerik-project.github.io/riksdagen-records-pdf/1909/prot-1909--ak--042/prot-1909--ak--042_026,no header
prot-1909--fk--033,https://swerik-project.github.io/riksdagen-records-pdf/1909/prot-1909--fk--033/prot-1909--fk--033_015,no header
prot-1910--ak--063,https://swerik-project.github.io/riksdagen-records-pdf/1910/prot-1910--ak--063/prot-1910--ak--063_017,no header
prot-1911--ak--033,https://swerik-project.github.io/riksdagen-records-pdf/1911/prot-1911--ak--033/prot-1911--ak--033_078,no header
prot-1911--fk--005,https://swerik-project.github.io/riksdagen-records-pdf/1911/prot-1911--fk--005/prot-1911--fk--005_028,no header
prot-1912--ak--002,https://swerik-project.github.io/riksdagen-records-pdf/1912/prot-1912--ak--002/prot-1912--ak--002_030,no header
prot-1912--ak--015,https://swerik-project.github.io/riksdagen-records-pdf/1912/prot-1912--ak--015/prot-1912--ak--015_040,no header
prot-1912--ak--032,https://swerik-project.github.io/riksdagen-records-pdf/1912/prot-1912--ak--032/prot-1912--ak--032_052,no header
prot-1912--ak--039,https://swerik-project.github.io/riksdagen-records-pdf/1912/prot-1912--ak--039/prot-1912--ak--039_003,no header
prot-1912--ak--046,https://swerik-project.github.io/riksdagen-records-pdf/1912/prot-1912--ak--046/prot-1912--ak--046_020,no header
prot-1912--ak--049,https://swerik-project.github.io/riksdagen-records-pdf/1912/prot-1912--ak--049/prot-1912--ak--049_108,§ 24.
prot-1912--ak--054,https://swerik-project.github.io/riksdagen-records-pdf/1912/prot-1912--ak--054/prot-1912--ak--054_017,no header
prot-1912--fk--010,https://swerik-project.github.io/riksdagen-records-pdf/1912/prot-1912--fk--010/prot-1912--fk--010_023,no header
prot-1913--ak--007,https://swerik-project.github.io/riksdagen-records-pdf/1913/prot-1913--ak--007/prot-1913--ak--007_010,no header
prot-1913--ak--025,https://swerik-project.github.io/riksdagen-records-pdf/1913/prot-1913--ak--025/prot-1913--ak--025_050,no header
prot-1913--fk--025,https://swerik-project.github.io/riksdagen-records-pdf/1913/prot-1913--fk--025/prot-1913--fk--025_031,no header
prot-1914-b-fk--071,https://swerik-project.github.io/riksdagen-records-pdf/1914/prot-1914-b-fk--071/prot-1914-b-fk--071_016,no header
prot-1916--ak--006,https://swerik-project.github.io/riksdagen-records-pdf/1916/prot-1916--ak--006/prot-1916--ak--006_016,no header
prot-1916--ak--032,https://swerik-project.github.io/riksdagen-records-pdf/1916/prot-1916--ak--032/prot-1916--ak--032_015,§ 7.
prot-1917--ak--040,https://swerik-project.github.io/riksdagen-records-pdf/1917/prot-1917--ak--040/prot-1917--ak--040_008,no header
prot-1917--ak--072,https://swerik-project.github.io/riksdagen-records-pdf/1917/prot-1917--ak--072/prot-1917--ak--072_015,no header
prot-1917--fk--036,https://swerik-project.github.io/riksdagen-records-pdf/1917/prot-1917--fk--036/prot-1917--fk--036_025,no header
prot-1917--fk--044,https://swerik-project.github.io/riksdagen-records-pdf/1917/prot-1917--fk--044/prot-1917--fk--044_002,no header
prot-1918--ak--002,https://swerik-project.github.io/riksdagen-records-pdf/1918/prot-1918--ak--002/prot-1918--ak--002_001,§ 1.; § 2.
prot-1918--ak--026,https://swerik-project.github.io/riksdagen-records-pdf/1918/prot-1918--ak--026/prot-1918--ak--026_042,no header
prot-1918--ak--035,https://swerik-project.github.io/riksdagen-records-pdf/1918/prot-1918--ak--035/prot-1918--ak--035_054,no header
prot-1918--fk--014,https://swerik-project.github.io/riksdagen-records-pdf/1918/prot-1918--fk--014/prot-1918--fk--014_060,no header
prot-1918--fk--039,https://swerik-project.github.io/riksdagen-records-pdf/1918/prot-1918--fk--039/prot-1918--fk--039_053,no header
prot-1918-urtima-ak--015,https://swerik-project.github.io/riksdagen-records-pdf/1918/prot-1918-urtima-ak--015/prot-1918-urtima-ak--015_016,no header
prot-1919--ak--042,https://swerik-project.github.io/riksdagen-records-pdf/1919/prot-1919--ak--042/prot-1919--ak--042_058,no header
prot-1919--ak--051,https://swerik-project.github.io/riksdagen-records-pdf/1919/prot-1919--ak--051/prot-1919--ak--051_056,no header
prot-1919--fk--051,https://swerik-project.github.io/riksdagen-records-pdf/1919/prot-1919--fk--051/prot-1919--fk--051_025,no header
prot-1920--ak--078,https://swerik-project.github.io/riksdagen-records-pdf/1920/prot-1920--ak--078/prot-1920--ak--078_010,no header
prot-1920--fk--070,https://swerik-project.github.io/riksdagen-records-pdf/1920/prot-1920--fk--070/prot-1920--fk--070_014,no header
prot-1921--ak--029,https://swerik-project.github.io/riksdagen-records-pdf/1921/prot-1921--ak--029/prot-1921--ak--029_124,no header
prot-1921--ak--051,https://swerik-project.github.io/riksdagen-records-pdf/1921/prot-1921--ak--051/prot-1921--ak--051_010,no header
prot-1921--ak--059,https://swerik-project.github.io/riksdagen-records-pdf/1921/prot-1921--ak--059/prot-1921--ak--059_016,no header
prot-1921--fk--020,https://swerik-project.github.io/riksdagen-records-pdf/1921/prot-1921--fk--020/prot-1921--fk--020_046,no header
prot-1921--fk--024,https://swerik-project.github.io/riksdagen-records-pdf/1921/prot-1921--fk--024/prot-1921--fk--024_020,no header
prot-1921--fk--031,https://swerik-project.github.io/riksdagen-records-pdf/1921/prot-1921--fk--031/prot-1921--fk--031_005,no header
prot-1921--fk--034,https://swerik-project.github.io/riksdagen-records-pdf/1921/prot-1921--fk--034/prot-1921--fk--034_041,no header
prot-1921--fk--039,https://swerik-project.github.io/riksdagen-records-pdf/1921/prot-1921--fk--039/prot-1921--fk--039_013,no header
prot-1921--fk--042,https://swerik-project.github.io/riksdagen-records-pdf/1921/prot-1921--fk--042/prot-1921--fk--042_098,no header
prot-1922--ak--027,https://swerik-project.github.io/riksdagen-records-pdf/1922/prot-1922--ak--027/prot-1922--ak--027_037,no header
prot-1922--ak--041,https://swerik-project.github.io/riksdagen-records-pdf/1922/prot-1922--ak--041/prot-1922--ak--041_073,no header
prot-1923--ak--004,https://swerik-project.github.io/riksdagen-records-pdf/1923/prot-1923--ak--004/prot-1923--ak--004_086,no header
prot-1925--ak--011,https://swerik-project.github.io/riksdagen-records-pdf/1925/prot-1925--ak--011/prot-1925--ak--011_004,§ 1.; § 2.; § 3.; § 4.
prot-1925--ak--018,https://swerik-project.github.io/riksdagen-records-pdf/1925/prot-1925--ak--018/prot-1925--ak--018_051,no header
prot-1926--ak--035,https://swerik-project.github.io/riksdagen-records-pdf/1926/prot-1926--ak--035/prot-1926--ak--035_084,no header
prot-1926--fk--021,https://swerik-project.github.io/riksdagen-records-pdf/1926/prot-1926--fk--021/prot-1926--fk--021_009,no header
prot-1927--ak--007,https://swerik-project.github.io/riksdagen-records-pdf/1927/prot-1927--ak--007/prot-1927--ak--007_001,§ 1.; § 2.; § 3.
prot-1927--ak--011,https://swerik-project.github.io/riksdagen-records-pdf/1927/prot-1927--ak--011/prot-1927--ak--011_053,no header
prot-1927--ak--028,https://swerik-project.github.io/riksdagen-records-pdf/1927/prot-1927--ak--028/prot-1927--ak--028_107,no header
prot-1927--ak--036,https://swerik-project.github.io/riksdagen-records-pdf/1927/prot-1927--ak--036/prot-1927--ak--036_045,no header
prot-1927--ak--040,https://swerik-project.github.io/riksdagen-records-pdf/1927/prot-1927--ak--040/prot-1927--ak--040_054,no header
prot-1928--ak--009,https://swerik-project.github.io/riksdagen-records-pdf/1928/prot-1928--ak--009/prot-1928--ak--009_003,§ 9.; § 10.
prot-1928--ak--030,https://swerik-project.github.io/riksdagen-records-pdf/1928/prot-1928--ak--030/prot-1928--ak--030_019,no header
prot-1928--fk--009,https://swerik-project.github.io/riksdagen-records-pdf/1928/prot-1928--fk--009/prot-1928--fk--009_015,no header
prot-1928--fk--039,https://swerik-project.github.io/riksdagen-records-pdf/1928/prot-1928--fk--039/prot-1928--fk--039_040,no header
prot-1929--ak--016,https://swerik-project.github.io/riksdagen-records-pdf/1929/prot-1929--ak--016/prot-1929--ak--016_107,§ 8.
prot-1929--fk--024,https://swerik-project.github.io/riksdagen-records-pdf/1929/prot-1929--fk--024/prot-1929--fk--024_087,no header
prot-1930--fk--003,https://swerik-project.github.io/riksdagen-records-pdf/1930/prot-1930--fk--003/prot-1930--fk--003_117,no header
prot-1931--ak--017,https://swerik-project.github.io/riksdagen-records-pdf/1931/prot-1931--ak--017/prot-1931--ak--017_003,no header
prot-1931--ak--042,https://swerik-project.github.io/riksdagen-records-pdf/1931/prot-1931--ak--042/prot-1931--ak--042_062,no header
prot-1931--fk--032,https://swerik-project.github.io/riksdagen-records-pdf/1931/prot-1931--fk--032/prot-1931--fk--032_091,no header
prot-1931--fk--039,https://swerik-project.github.io/riksdagen-records-pdf/1931/prot-1931--fk--039/prot-1931--fk--039_001,no header
prot-1932--ak--014,https://swerik-project.github.io/riksdagen-records-pdf/1932/prot-1932--ak--014/prot-1932--ak--014_034,no header
prot-1932--ak--020,https://swerik-project.github.io/riksdagen-records-pdf/1932/prot-1932--ak--020/prot-1932--ak--020_054,no header
prot-1932--ak--026,https://swerik-project.github.io/riksdagen-records-pdf/1932/prot-1932--ak--026/prot-1932--ak--026_014,§ 11.; § 12.; § 13.
prot-1932--ak--030,https://swerik-project.github.io/riksdagen-records-pdf/1932/prot-1932--ak--030/prot-1932--ak--030_003,no header
prot-1932--ak--038,https://swerik-project.github.io/riksdagen-records-pdf/1932/prot-1932--ak--038/prot-1932--ak--038_009,§ 9.
prot-1932--ak--042,https://swerik-project.github.io/riksdagen-records-pdf/1932/prot-1932--ak--042/prot-1932--ak--042_121,no header
prot-1932--fk--015,https://swerik-project.github.io/riksdagen-records-pdf/1932/prot-1932--fk--015/prot-1932--fk--015_085,no header
prot-1932--fk--029,https://swerik-project.github.io/riksdagen-records-pdf/1932/prot-1932--fk--029/prot-1932--fk--029_018,no header
prot-1933--ak--036,https://swerik-project.github.io/riksdagen-records-pdf/1933/prot-1933--ak--036/prot-1933--ak--036_009,no header
prot-1934--ak--032,https://swerik-project.github.io/riksdagen-records-pdf/1934/prot-1934--ak--032/prot-1934--ak--032_037,no header
prot-1935--ak--019,https://swerik-project.github.io/riksdagen-records-pdf/1935/prot-1935--ak--019/prot-1935--ak--019_035,no header
prot-1935--ak--025,https://swerik-project.github.io/riksdagen-records-pdf/1935/prot-1935--ak--025/prot-1935--ak--025_013,no header
prot-1936--ak--036,https://swerik-project.github.io/riksdagen-records-pdf/1936/prot-1936--ak--036/prot-1936--ak--036_000,§ 1.; § 2.; § 3.; § 4.; § 5.; § 6.
prot-1936--fk--015,https://swerik-project.github.io/riksdagen-records-pdf/1936/prot-1936--fk--015/prot-1936--fk--015_025,no header
prot-1936--fk--045,https://swerik-project.github.io/riksdagen-records-pdf/1936/prot-1936--fk--045/prot-1936--fk--045_062,no header
prot-1936--fk--047,https://swerik-project.github.io/riksdagen-records-pdf/1936/prot-1936--fk--047/prot-1936--fk--047_044,no header
prot-1937--ak--019,https://swerik-project.github.io/riksdagen-records-pdf/1937/prot-1937--ak--019/prot-1937--ak--019_057,no header
prot-1937--ak--031,https://swerik-project.github.io/riksdagen-records-pdf/1937/prot-1937--ak--031/prot-1937--ak--031_038,no header
prot-1937--ak--035,https://swerik-project.github.io/riksdagen-records-pdf/1937/prot-1937--ak--035/prot-1937--ak--035_074,no header
prot-1937--fk--041,https://swerik-project.github.io/riksdagen-records-pdf/1937/prot-1937--fk--041/prot-1937--fk--041_006,no header
prot-1938--ak--028,https://swerik-project.github.io/riksdagen-records-pdf/1938/prot-1938--ak--028/prot-1938--ak--028_002,§ 3.
prot-1938--fk--014,https://swerik-project.github.io/riksdagen-records-pdf/1938/prot-1938--fk--014/prot-1938--fk--014_008,no header
prot-1939--ak--012,https://swerik-project.github.io/riksdagen-records-pdf/1939/prot-1939--ak--012/prot-1939--ak--012_026,no header
prot-1939--ak--026,https://swerik-project.github.io/riksdagen-records-pdf/1939/prot-1939--ak--026/prot-1939--ak--026_017,no header
prot-1939-urtima-ak--008,https://swerik-project.github.io/riksdagen-records-pdf/1939/prot-1939-urtima-ak--008/prot-1939-urtima-ak--008_016,§ 11.; § 12.
prot-1940-urtima-ak--006,https://swerik-project.github.io/riksdagen-records-pdf/1940/prot-1940-urtima-ak--006/prot-1940-urtima-ak--006_025,no header
prot-1941--ak--051,https://swerik-project.github.io/riksdagen-records-pdf/1941/prot-1941--ak--051/prot-1941--ak--051_139,no header
prot-1941--fk--043,https://swerik-project.github.io/riksdagen-records-pdf/1941/prot-1941--fk--043/prot-1941--fk--043_031,no header
prot-1942--ak--021,https://swerik-project.github.io/riksdagen-records-pdf/1942/prot-1942--ak--021/prot-1942--ak--021_051,no header
prot-1942--ak--025,https://swerik-project.github.io/riksdagen-records-pdf/1942/prot-1942--ak--025/prot-1942--ak--025_105,no header
prot-1942--fk--011,https://swerik-project.github.io/riksdagen-records-pdf/1942/prot-1942--fk--011/prot-1942--fk--011_053,no header
prot-1942--fk--014,https://swerik-project.github.io/riksdagen-records-pdf/1942/prot-1942--fk--014/prot-1942--fk--014_036,no header
prot-1942--fk--021,https://swerik-project.github.io/riksdagen-records-pdf/1942/prot-1942--fk--021/prot-1942--fk--021_060,no header
prot-1942--fk--023,https://swerik-project.github.io/riksdagen-records-pdf/1942/prot-1942--fk--023/prot-1942--fk--023_021,no header
prot-1942--fk--025,https://swerik-project.github.io/riksdagen-records-pdf/1942/prot-1942--fk--025/prot-1942--fk--025_003,no header
prot-1942--fk--027,https://swerik-project.github.io/riksdagen-records-pdf/1942/prot-1942--fk--027/prot-1942--fk--027_058,no header
prot-1943--ak--025,https://swerik-project.github.io/riksdagen-records-pdf/1943/prot-1943--ak--025/prot-1943--ak--025_073,no header
prot-1943--fk--003,https://swerik-project.github.io/riksdagen-records-pdf/1943/prot-1943--fk--003/prot-1943--fk--003_023,no header
prot-1944--ak--016,https://swerik-project.github.io/riksdagen-records-pdf/1944/prot-1944--ak--016/prot-1944--ak--016_003,no header
prot-1945--ak--024,https://swerik-project.github.io/riksdagen-records-pdf/1945/prot-1945--ak--024/prot-1945--ak--024_093,no header
prot-1945--fk--040,https://swerik-project.github.io/riksdagen-records-pdf/1945/prot-1945--fk--040/prot-1945--fk--040_020,no header
prot-1946--ak--003,https://swerik-project.github.io/riksdagen-records-pdf/1946/prot-1946--ak--003/prot-1946--ak--003_055,no header
prot-1946--fk--031,https://swerik-project.github.io/riksdagen-records-pdf/1946/prot-1946--fk--031/prot-1946--fk--031_108,no header
prot-1947--ak--015,https://swerik-project.github.io/riksdagen-records-pdf/1947/prot-1947--ak--015/prot-1947--ak--015_005,no header
prot-1947--ak--035,https://swerik-project.github.io/riksdagen-records-pdf/1947/prot-1947--ak--035/prot-1947--ak--035_179,no header
prot-1947--ak--036,https://swerik-project.github.io/riksdagen-records-pdf/1947/prot-1947--ak--036/prot-1947--ak--036_003,§ 4.
prot-1947--fk--019,https://swerik-project.github.io/riksdagen-records-pdf/1947/prot-1947--fk--019/prot-1947--fk--019_042,no header
prot-1947--fk--030,https://swerik-project.github.io/riksdagen-records-pdf/1947/prot-1947--fk--030/prot-1947--fk--030_078,no header
prot-1947--fk--034,https://swerik-project.github.io/riksdagen-records-pdf/1947/prot-1947--fk--034/prot-1947--fk--034_034,no header
prot-1948--ak--024,https://swerik-project.github.io/riksdagen-records-pdf/1948/prot-1948--ak--024/prot-1948--ak--024_133,§ 4. Svar på interpellation ang. betryggande åtgärder för förvaring av sprängämnen och ammunition.
prot-1948--ak--038,https://swerik-project.github.io/riksdagen-records-pdf/1948/prot-1948--ak--038/prot-1948--ak--038_003,§ 1.; § 2.; § 3.; § 4.; § 5.; § 6.
prot-1948--fk--018,https://swerik-project.github.io/riksdagen-records-pdf/1948/prot-1948--fk--018/prot-1948--fk--018_067,no header
prot-1949--ak--005,https://swerik-project.github.io/riksdagen-records-pdf/1949/prot-1949--ak--005/prot-1949--ak--005_031,no header
prot-1949--ak--013,https://swerik-project.github.io/riksdagen-records-pdf/1949/prot-1949--ak--013/prot-1949--ak--013_134,no header
prot-1949--fk--016,https://swerik-project.github.io/riksdagen-records-pdf/1949/prot-1949--fk--016/prot-1949--fk--016_015,no header
prot-1950--fk--010,https://swerik-project.github.io/riksdagen-records-pdf/1950/prot-1950--fk--010/prot-1950--fk--010_075,no header
prot-1951--ak--019,https://swerik-project.github.io/riksdagen-records-pdf/1951/prot-1951--ak--019/prot-1951--ak--019_084,§ 30.; § 31.
prot-1951--fk--007,https://swerik-project.github.io/riksdagen-records-pdf/1951/prot-1951--fk--007/prot-1951--fk--007_024,no header
prot-1951--fk--032,https://swerik-project.github.io/riksdagen-records-pdf/1951/prot-1951--fk--032/prot-1951--fk--032_012,no header
prot-1952--ak--005,https://swerik-project.github.io/riksdagen-records-pdf/1952/prot-1952--ak--005/prot-1952--ak--005_042,no header
prot-1952--ak--016,https://swerik-project.github.io/riksdagen-records-pdf/1952/prot-1952--ak--016/prot-1952--ak--016_166,no header
prot-1952--ak--018,https://swerik-project.github.io/riksdagen-records-pdf/1952/prot-1952--ak--018/prot-1952--ak--018_114,no header
prot-1952--ak--022,https://swerik-project.github.io/riksdagen-records-pdf/1952/prot-1952--ak--022/prot-1952--ak--022_040,no header
prot-1952--ak--023,https://swerik-project.github.io/riksdagen-records-pdf/1952/prot-1952--ak--023/prot-1952--ak--023_126,no header
prot-1952--ak--029,https://swerik-project.github.io/riksdagen-records-pdf/1952/prot-1952--ak--029/prot-1952--ak--029_040,no header
prot-1952--ak--032,https://swerik-project.github.io/riksdagen-records-pdf/1952/prot-1952--ak--032/prot-1952--ak--032_003,§ 1.; § 2; § 3.; § 4.
prot-1953--ak--001,https://swerik-project.github.io/riksdagen-records-pdf/1953/prot-1953--ak--001/prot-1953--ak--001_007,no header
prot-1953--ak--014,https://swerik-project.github.io/riksdagen-records-pdf/1953/prot-1953--ak--014/prot-1953--ak--014_068,§ 10.; § 11. Upphävande av regleringen av rundvirkesexporten.
prot-1953--fk--023,https://swerik-project.github.io/riksdagen-records-pdf/1953/prot-1953--fk--023/prot-1953--fk--023_129,no header
prot-1954--fk--026,https://swerik-project.github.io/riksdagen-records-pdf/1954/prot-1954--fk--026/prot-1954--fk--026_021,no header
prot-1955--fk--016,https://swerik-project.github.io/riksdagen-records-pdf/1955/prot-1955--fk--016/prot-1955--fk--016_098,no header
prot-1955--fk--020,https://swerik-project.github.io/riksdagen-records-pdf/1955/prot-1955--fk--020/prot-1955--fk--020_095,no header
prot-1956--fk--018,https://swerik-project.github.io/riksdagen-records-pdf/1956/prot-1956--fk--018/prot-1956--fk--018_064,no header
prot-1957--ak--006,https://swerik-project.github.io/riksdagen-records-pdf/1957/prot-1957--ak--006/prot-1957--ak--006_049,no header
prot-1957--ak--020,https://swerik-project.github.io/riksdagen-records-pdf/1957/prot-1957--ak--020/prot-1957--ak--020_094,no header
prot-1957--ak--022,https://swerik-project.github.io/riksdagen-records-pdf/1957/prot-1957--ak--022/prot-1957--ak--022_015,§ 6. Svar på interpellation ang. tillgodoräknande av tidigare offentlig tjänst i annat nordiskt land vid beräkningen av tjänstår i Sverige för erhållande av pension.
prot-1957--fk--002,https://swerik-project.github.io/riksdagen-records-pdf/1957/prot-1957--fk--002/prot-1957--fk--002_144,no header
prot-1957--fk--013,https://swerik-project.github.io/riksdagen-records-pdf/1957/prot-1957--fk--013/prot-1957--fk--013_022,no header
prot-1957--fk--017,https://swerik-project.github.io/riksdagen-records-pdf/1957/prot-1957--fk--017/prot-1957--fk--017_039,no header
prot-1958-a-ak--018,https://swerik-project.github.io/riksdagen-records-pdf/1958/prot-1958-a-ak--018/prot-1958-a-ak--018_040,no header
prot-1958-b-ak--001,https://swerik-project.github.io/riksdagen-records-pdf/1958/prot-1958-b-ak--001/prot-1958-b-ak--001_039,§ 13
prot-1958-b-ak--014,https://swerik-project.github.io/riksdagen-records-pdf/1958/prot-1958-b-ak--014/prot-1958-b-ak--014_070,§ 14 Svar på interpellation ang. de mindre inkomstttagarnas bostadskostnader
prot-1959--ak--009,https://swerik-project.github.io/riksdagen-records-pdf/1959/prot-1959--ak--009/prot-1959--ak--009_061,no header
prot-1959--ak--015,https://swerik-project.github.io/riksdagen-records-pdf/1959/prot-1959--ak--015/prot-1959--ak--015_048,no header
prot-1959--fk--016,https://swerik-project.github.io/riksdagen-records-pdf/1959/prot-1959--fk--016/prot-1959--fk--016_046,no header
prot-1960--fk--011,https://swerik-project.github.io/riksdagen-records-pdf/1960/prot-1960--fk--011/prot-1960--fk--011_025,no header
prot-1961--ak--033,https://swerik-project.github.io/riksdagen-records-pdf/1961/prot-1961--ak--033/prot-1961--ak--033_040,no header
prot-1961--fk--033,https://swerik-project.github.io/riksdagen-records-pdf/1961/prot-1961--fk--033/prot-1961--fk--033_002,no header
prot-1962--ak--020,https://swerik-project.github.io/riksdagen-records-pdf/1962/prot-1962--ak--020/prot-1962--ak--020_094,no header
prot-1962--ak--025,https://swerik-project.github.io/riksdagen-records-pdf/1962/prot-1962--ak--025/prot-1962--ak--025_015,no header
prot-1962--fk--009,https://swerik-project.github.io/riksdagen-records-pdf/1962/prot-1962--fk--009/prot-1962--fk--009_035,no header
prot-1962--fk--014,https://swerik-project.github.io/riksdagen-records-pdf/1962/prot-1962--fk--014/prot-1962--fk--014_079,no header
prot-1962--fk--021,https://swerik-project.github.io/riksdagen-records-pdf/1962/prot-1962--fk--021/prot-1962--fk--021_070,no header
prot-1962--fk--024,https://swerik-project.github.io/riksdagen-records-pdf/1962/prot-1962--fk--024/prot-1962--fk--024_126,no header
prot-1962--fk--034,https://swerik-project.github.io/riksdagen-records-pdf/1962/prot-1962--fk--034/prot-1962--fk--034_036,no header
prot-1963--ak--005,https://swerik-project.github.io/riksdagen-records-pdf/1963/prot-1963--ak--005/prot-1963--ak--005_021,§ 11 Interpellation ang. giltighetstiden för pass
prot-1963--ak--031,https://swerik-project.github.io/riksdagen-records-pdf/1963/prot-1963--ak--031/prot-1963--ak--031_075,no header
prot-1963--fk--012,https://swerik-project.github.io/riksdagen-records-pdf/1963/prot-1963--fk--012/prot-1963--fk--012_099,no header
prot-1964--ak--026,https://swerik-project.github.io/riksdagen-records-pdf/1964/prot-1964--ak--026/prot-1964--ak--026_072,no header
prot-1965--ak--026,https://swerik-project.github.io/riksdagen-records-pdf/1965/prot-1965--ak--026/prot-1965--ak--026_009,no header
prot-1966--ak--014,https://swerik-project.github.io/riksdagen-records-pdf/1966/prot-1966--ak--014/prot-1966--ak--014_005,§ 1; § 2; § 3 Svar på interpellation ang. de nya sedlarnas format
prot-1966--ak--018,https://swerik-project.github.io/riksdagen-records-pdf/1966/prot-1966--ak--018/prot-1966--ak--018_113,no header
prot-1967--ak--019,https://swerik-project.github.io/riksdagen-records-pdf/1967/prot-1967--ak--019/prot-1967--ak--019_123,"§ 9; § 10 Utbyggnad av systemet med växtförädlingsavgifter, m. m."
prot-1967--ak--039,https://swerik-project.github.io/riksdagen-records-pdf/1967/prot-1967--ak--039/prot-1967--ak--039_033,no header
prot-1967--fk--012,https://swerik-project.github.io/riksdagen-records-pdf/1967/prot-1967--fk--012/prot-1967--fk--012_080,no header
prot-1967--fk--017,https://swerik-project.github.io/riksdagen-records-pdf/1967/prot-1967--fk--017/prot-1967--fk--017_008,no header
prot-1967--fk--032,https://swerik-project.github.io/riksdagen-records-pdf/1967/prot-1967--fk--032/prot-1967--fk--032_052,no header
prot-1967--fk--047,https://swerik-project.github.io/riksdagen-records-pdf/1967/prot-1967--fk--047/prot-1967--fk--047_091,no header
prot-1968--ak--002,https://swerik-project.github.io/riksdagen-records-pdf/1968/prot-1968--ak--002/prot-1968--ak--002_091,§ 14; § 15 Meddelande om enkla frågor
prot-1968--ak--030,https://swerik-project.github.io/riksdagen-records-pdf/1968/prot-1968--ak--030/prot-1968--ak--030_162,§ 5 Vårsessionens avslutning
prot-1968--fk--009,https://swerik-project.github.io/riksdagen-records-pdf/1968/prot-1968--fk--009/prot-1968--fk--009_039,no header
prot-1968--fk--029,https://swerik-project.github.io/riksdagen-records-pdf/1968/prot-1968--fk--029/prot-1968--fk--029_114,no header
prot-1969--ak--016,https://swerik-project.github.io/riksdagen-records-pdf/1969/prot-1969--ak--016/prot-1969--ak--016_010,no header
prot-1969--ak--024,https://swerik-project.github.io/riksdagen-records-pdf/1969/prot-1969--ak--024/prot-1969--ak--024_044,no header
prot-1969--fk--026,https://swerik-project.github.io/riksdagen-records-pdf/1969/prot-1969--fk--026/prot-1969--fk--026_066,no header
prot-1970--fk--012,https://swerik-project.github.io/riksdagen-records-pdf/1970/prot-1970--fk--012/prot-1970--fk--012_015,no header
prot-1971--067,https://swerik-project.github.io/riksdagen-records-pdf/1971/prot-1971--067/prot-1971--067_028,no header
prot-1971--118,https://swerik-project.github.io/riksdagen-records-pdf/1971/prot-1971--118/prot-1971--118_040,no header
prot-1972--017,https://swerik-project.github.io/riksdagen-records-pdf/1972/prot-1972--017/prot-1972--017_033,no header
prot-1972--037,https://swerik-project.github.io/riksdagen-records-pdf/1972/prot-1972--037/prot-1972--037_070,no header
prot-1972--060,https://swerik-project.github.io/riksdagen-records-pdf/1972/prot-1972--060/prot-1972--060_123,"§ 13 Interpellation nr 124 om ändrade bestämmelser om obduktion, m.m."
prot-1972--069,https://swerik-project.github.io/riksdagen-records-pdf/1972/prot-1972--069/prot-1972--069_054,no header
prot-1972--081,https://swerik-project.github.io/riksdagen-records-pdf/1972/prot-1972--081/prot-1972--081_106,no header
prot-1972--085,https://swerik-project.github.io/riksdagen-records-pdf/1972/prot-1972--085/prot-1972--085_026,no header
prot-1972--091,https://swerik-project.github.io/riksdagen-records-pdf/1972/prot-1972--091/prot-1972--091_063,no header
prot-1972--103,https://swerik-project.github.io/riksdagen-records-pdf/1972/prot-1972--103/prot-1972--103_042,§ 20 Ang. skolindragningarna i glesbygdsområden
prot-1973--015,https://swerik-project.github.io/riksdagen-records-pdf/1973/prot-1973--015/prot-1973--015_097,no header
prot-1973--050,https://betalab.kb.se/prot-1973--50/prot_1973__50-089.jp2/_view,
prot-1973--142,https://swerik-project.github.io/riksdagen-records-pdf/1973/prot-1973--142/prot-1973--142_061,no header
prot-1974--144,https://swerik-project.github.io/riksdagen-records-pdf/1974/prot-1974--144/prot-1974--144_039,no header
prot-197576--026,https://swerik-project.github.io/riksdagen-records-pdf/197576/prot-197576--026/prot-197576--026_006,no header
prot-197576--035,https://swerik-project.github.io/riksdagen-records-pdf/197576/prot-197576--035/prot-197576--035_033,no header
prot-197677--032,https://swerik-project.github.io/riksdagen-records-pdf/197677/prot-197677--032/prot-197677--032_028,no header
prot-197677--084,https://swerik-project.github.io/riksdagen-records-pdf/197677/prot-197677--084/prot-197677--084_052,no header
prot-197677--128,https://swerik-project.github.io/riksdagen-records-pdf/197677/prot-197677--128/prot-197677--128_031,no header
prot-197677--133,https://swerik-project.github.io/riksdagen-records-pdf/197677/prot-197677--133/prot-197677--133_074,no header
prot-197778--022,https://swerik-project.github.io/riksdagen-records-pdf/197778/prot-197778--022/prot-197778--022_016,no header
prot-197778--042,https://swerik-project.github.io/riksdagen-records-pdf/197778/prot-197778--042/prot-197778--042_005,no header
prot-197778--050,https://swerik-project.github.io/riksdagen-records-pdf/197778/prot-197778--050/prot-197778--050_080,no header
prot-197778--127,https://swerik-project.github.io/riksdagen-records-pdf/197778/prot-197778--127/prot-197778--127_015,no header
prot-197778--157,https://swerik-project.github.io/riksdagen-records-pdf/197778/prot-197778--157/prot-197778--157_097,no header
prot-197879--044,https://swerik-project.github.io/riksdagen-records-pdf/197879/prot-197879--044/prot-197879--044_038,§ 14 Om hemspråksundervisningen
prot-197879--104,https://swerik-project.github.io/riksdagen-records-pdf/197879/prot-197879--104/prot-197879--104_074,no header
prot-197879--122,https://swerik-project.github.io/riksdagen-records-pdf/197879/prot-197879--122/prot-197879--122_090,no header
prot-197980--033,https://swerik-project.github.io/riksdagen-records-pdf/197980/prot-197980--033/prot-197980--033_047,no header
prot-197980--160,https://swerik-project.github.io/riksdagen-records-pdf/197980/prot-197980--160/prot-197980--160_034,no header
prot-198081--095,https://betalab.kb.se/prot-198081--95/prot_198081__95-000.jp2/_view,
prot-198081--152,https://swerik-project.github.io/riksdagen-records-pdf/198081/prot-198081--152/prot-198081--152_007,no header
prot-198182--039,https://swerik-project.github.io/riksdagen-records-pdf/198182/prot-198182--039/prot-198182--039_009,no header
prot-198182--053,https://swerik-project.github.io/riksdagen-records-pdf/198182/prot-198182--053/prot-198182--053_014,no header
prot-198182--093,https://swerik-project.github.io/riksdagen-records-pdf/198182/prot-198182--093/prot-198182--093_048,no header
prot-198182--105,https://swerik-project.github.io/riksdagen-records-pdf/198182/prot-198182--105/prot-198182--105_073,no header
prot-198182--120,https://swerik-project.github.io/riksdagen-records-pdf/198182/prot-198182--120/prot-198182--120_076,no header
prot-198182--128,https://swerik-project.github.io/riksdagen-records-pdf/198182/prot-198182--128/prot-198182--128_030,no header
prot-198182--141,https://betalab.kb.se/prot-198182--141/prot_198182__141-036.jp2/_view,
prot-198182--152,https://swerik-project.github.io/riksdagen-records-pdf/198182/prot-198182--152/prot-198182--152_008,19 § Allmän rättshjälp innan s. k. pilotfall har avgjorts
prot-198283--043,https://swerik-project.github.io/riksdagen-records-pdf/198283/prot-198283--043/prot-198283--043_047,no header
prot-198283--073,https://swerik-project.github.io/riksdagen-records-pdf/198283/prot-198283--073/prot-198283--073_069,no header
prot-198384--006,https://swerik-project.github.io/riksdagen-records-pdf/198384/prot-198384--006/prot-198384--006_025,no header
prot-198485--009,https://swerik-project.github.io/riksdagen-records-pdf/198485/prot-198485--009/prot-198485--009_054,20 § Meddelande om frågor
prot-198485--150,https://swerik-project.github.io/riksdagen-records-pdf/198485/prot-198485--150/prot-198485--150_010,6 § Svar på fråga 1984/85:555 om rekryteringsstödet
prot-198485--159,https://swerik-project.github.io/riksdagen-records-pdf/198485/prot-198485--159/prot-198485--159_033,no header
prot-198586--164,https://swerik-project.github.io/riksdagen-records-pdf/198586/prot-198586--164/prot-198586--164_046,no header
prot-198687--048,https://swerik-project.github.io/riksdagen-records-pdf/198687/prot-198687--048/prot-198687--048_099,11 § Meddelande om interpellation
prot-198687--102,https://swerik-project.github.io/riksdagen-records-pdf/198687/prot-198687--102/prot-198687--102_018,9 § Anmäldes och bordlades; 10 § Meddelande om interpellationer
prot-198687--108,https://swerik-project.github.io/riksdagen-records-pdf/198687/prot-198687--108/prot-198687--108_069,no header
prot-198687--127,https://betalab.kb.se/prot-198687--127/prot_198687__127-000.jp2/_view,
prot-198687--137,https://swerik-project.github.io/riksdagen-records-pdf/198687/prot-198687--137/prot-198687--137_012,no header
prot-198788--012,https://swerik-project.github.io/riksdagen-records-pdf/198788/prot-198788--012/prot-198788--012_117,no header
prot-198788--093,https://swerik-project.github.io/riksdagen-records-pdf/198788/prot-198788--093/prot-198788--093_012,no header
prot-198788--122,https://swerik-project.github.io/riksdagen-records-pdf/198788/prot-198788--122/prot-198788--122_164,no header
prot-198889--011,https://swerik-project.github.io/riksdagen-records-pdf/198889/prot-198889--011/prot-198889--011_111,no header
prot-198889--068,https://betalab.kb.se/prot-198889--68/prot_198889__68-071.jp2/_view,
prot-198889--090,https://swerik-project.github.io/riksdagen-records-pdf/198889/prot-198889--090/prot-198889--090_166,no header
prot-198990--030,https://swerik-project.github.io/riksdagen-records-pdf/198990/prot-198990--030/prot-198990--030_021,15 § Svar på fråga 1989/90:226 om Citygruppens fortsatta verksamhet
prot-198990--104,https://swerik-project.github.io/riksdagen-records-pdf/198990/prot-198990--104/prot-198990--104_141,27 § Anmälan om frågor
prot-199192--078,https://swerik-project.github.io/riksdagen-records-pdf/199192/prot-199192--078/prot-199192--078_045,
prot-199495--041,http://data.riksdagen.se/fil/83F24850-7D74-4269-871A-5242F3AAAEC0#page=28,"12 § Svar på frågorna 1994/95:218, 219 och 226 om Kungälvs Waldorfseminarium"
prot-199495--060,http://data.riksdagen.se/fil/7CBD1F1F-CB61-4321-8E57-28932C72BC1B#page=35,no header
prot-199495--070,http://data.riksdagen.se/fil/6E68E17E-528E-4015-A3F2-B93AD229F295#page=23,no header
prot-199495--086,http://data.riksdagen.se/fil/60149515-BC2C-4548-9188-990C9CC7CD16#page=51,no header
prot-199495--089,http://data.riksdagen.se/fil/0CC5AEE5-300D-4D14-9071-046BC39C138A#page=3,7 § Svar på fråga 1994/95:437 om Ringhals 2
prot-199495--095,http://data.riksdagen.se/fil/C252C43A-14CF-4456-B3C3-A86E8ADFD614#page=71,no header
prot-199495--096,http://data.riksdagen.se/fil/1810F548-F25A-4519-8878-2F47398A3057#page=93,no header
prot-199495--103,http://data.riksdagen.se/fil/5CC13CC5-D971-475E-8DDD-93547C7E3BFE#page=90,no header
prot-199495--107,http://data.riksdagen.se/fil/8A045908-A366-4D95-8484-8F5F7BDFA8BC#page=118,no header
prot-199596--007,http://data.riksdagen.se/fil/00CF00FC-CACA-4828-9BA6-AA44389A713E#page=25,no header
prot-199596--026,http://data.riksdagen.se/fil/083C3433-043C-4F09-B355-AB334AEB65F7#page=51,23 § Svar på fråga 1995/96:106 om jämställdhetsgranskning av det nya pensionssystemet
prot-199596--076,http://data.riksdagen.se/fil/EBEAD7E5-6EED-4167-B5AF-CF4416322B1C#page=170,no header
prot-199697--043,http://data.riksdagen.se/fil/95749438-9F6A-4E1C-A666-138DE43B93C3#page=46,no header
prot-199697--095,http://data.riksdagen.se/fil/BF06D895-C403-4737-9E1C-096C05DB8251#page=49,no header
prot-199697--103,http://data.riksdagen.se/fil/48CECC7E-E043-4698-ABA4-FDE46C916A5B#page=54,no header
prot-199798--052,http://data.riksdagen.se/fil/AD374FD1-06BE-4043-B2EE-A054B480C3DB#page=28,no header
prot-199798--074,http://data.riksdagen.se/fil/29E570A2-92E1-4E5A-B4CC-4AFD3E5EE339#page=72,no header
prot-199798--094,http://data.riksdagen.se/fil/07CE7EDF-3281-4078-B430-D603375571E2#page=129,no header
prot-199798--099,http://data.riksdagen.se/fil/F6FBB5D0-B4DE-40FE-8776-1A52DFCA0754#page=78,no header
prot-199798--108,http://data.riksdagen.se/fil/8CB73983-83B8-41E3-B188-94777BE40456#page=131,no header
prot-199798--114,http://data.riksdagen.se/fil/105BA6ED-75F7-4B1A-B575-B382AF91B6BD#page=46,6 § (forts. från 4 §) Kvinnofrid (forts. JuU13)
prot-199798--117,http://data.riksdagen.se/fil/5DA692DC-1EC8-4B6F-981D-5A2830C9A904#page=81,no header
prot-199899--036,http://data.riksdagen.se/fil/C9195609-2F22-4556-B000-F305A63B5E91#page=35,no header
prot-199899--046,http://data.riksdagen.se/fil/C29AC41F-9079-48A9-8A18-0345657F99EE#page=1,1 § Justering av protokoll; 2 § Avsägelser; 3 § Kompletteringsval till EU-nämnden; 4 § Meddelande om särskilt anordnad debatt
prot-199899--070,http://data.riksdagen.se/fil/3A6B182D-58ED-44CE-9B43-BCB1F83FDD87#page=89,no header
prot-199899--096,http://data.riksdagen.se/fil/37D9434E-AB9D-44D0-888D-61344BA26810#page=112,no header
prot-199899--103,http://data.riksdagen.se/fil/493CB07A-B5C2-46B2-BBED-089482C7E5D5#page=145,no header
prot-19992000--041,http://data.riksdagen.se/fil/088FD37F-BDBA-45D4-8CAA-ED31672FC86A#page=25,no header
prot-200001--008,http://data.riksdagen.se/fil/E9EC2476-E00A-4BAC-A7DB-C2909BA89508#page=33,no header
prot-200001--091,http://data.riksdagen.se/fil/283E87C5-0426-4C8C-BC58-23A1EB7B1214#page=70,8 § Motioner om företags- och kapitalbeskattning
prot-200102--013,http://data.riksdagen.se/fil/C1167929-B1E0-4F72-9823-2A25B8D85E24#page=117,no header
prot-200102--057,http://data.riksdagen.se/fil/22CACB9F-9535-4A5B-AB3A-497DEBDDB561#page=80,no header
prot-200102--074,http://data.riksdagen.se/fil/CB50717B-1DC9-42D0-ACA1-ED89239BA954#page=2,no header
prot-200102--094,http://data.riksdagen.se/fil/5555212F-C2AF-4A8D-A646-C1D7B1B0B41B#page=20,no header
prot-200102--101,http://data.riksdagen.se/fil/67C76778-9EF5-4436-BEE2-AE4C24BF0C12#page=4,3 § Anmälan om uppteckningar vid EU-nämndens sammanträden; 4 § Hänvisning av ärende till utskott; 5 § Förnyad bordläggning; 6 § Beslut om ärenden som slutdebatterats den 19 april
prot-200102--111,http://data.riksdagen.se/fil/9A809D77-24EA-4AF3-811A-2AB3B1AA6535#page=17,no header
prot-200102--116,http://data.riksdagen.se/fil/357CBFCA-0696-4F1C-9D04-F616E325A8E1#page=100,no header
prot-200102--121,http://data.riksdagen.se/fil/DEE7E8AA-1513-4D9D-B7DC-BACADB3235E5#page=18,no header
prot-200203--001,http://data.riksdagen.se/fil/CEBBACEE-C041-4AC0-950D-1FB744D176A1#page=28,3 § Anmälan om entledigande av statsråd; 4 § Anmälan om ersättare för statsråd; 5 § Anmälan om ledighet från dagens sammanträde; 6 § Upprop
prot-200203--066,http://data.riksdagen.se/fil/E2744779-41B8-4773-A9B4-D7A1C23D0739#page=119,no header
prot-200203--088,http://data.riksdagen.se/fil/F7928B0F-B2F3-422E-9A76-7B5320E19AED#page=97,no header
prot-200304--054,http://data.riksdagen.se/fil/6DA13BFD-4B77-468D-9BF7-E2F0902F58E6#page=14,no header
prot-200405--063,http://data.riksdagen.se/fil/74832131-4820-4818-A76C-9B44BA1A9BB8#page=61,no header
prot-200506--041,http://data.riksdagen.se/fil/EB989F3D-EBC3-44A0-9924-222D4BD2B854#page=1,1 § Justering av protokoll; 2 § Anmälan om återtagande av plats i riksdagen; 3 § Meddelande om allmän debattimme; 4 § Meddelande om särskild debatt; 5 § Anmälan om inkomna uppteckningar från EU-nämnds-sammanträde; 6 § Hänvisning av ärende till utskott
prot-200506--047,http://data.riksdagen.se/fil/46E2EF56-F3A2-46B8-B8F4-DBC439A3E684#page=63,no header
prot-200607--045,http://data.riksdagen.se/fil/49AC30C5-5EAB-4A32-B1E2-8DFB8761786E#page=7,no header
prot-200607--082,http://data.riksdagen.se/fil/E95AA4E7-783B-4F96-A293-A8785AE85577#page=108,no header
prot-200607--123,http://data.riksdagen.se/fil/65403BA6-17AA-49E8-959A-64416EFD7BA8#page=5,no header
prot-200607--128,http://data.riksdagen.se/fil/8FCF6C8C-053F-42D0-AB41-6A3E6767A6B4#page=76,no header
prot-200708--014,http://data.riksdagen.se/fil/596ADBF9-41F8-4232-AB8B-1D2CE0D2FD39#page=54,no header
prot-200708--032,http://data.riksdagen.se/fil/E2B56FE9-C4C7-49B2-BB27-B657E6CAF0F5#page=132,17 § Bordläggning; 18 § Anmälan om interpellationer
prot-200708--040,http://data.riksdagen.se/fil/91A2705C-F16C-46DF-9ABE-83A0E3EC5570#page=78,no header
prot-200708--100,http://data.riksdagen.se/fil/B71C9FD3-ED96-42AA-8885-341BDA657DCA#page=32,no header
prot-200708--124,http://data.riksdagen.se/fil/BA79D775-4C04-4FDC-A221-BDE5776E3276#page=100,no header
prot-200809--015,http://data.riksdagen.se/fil/6674EDA9-B3E1-4CBD-ABF3-97D84DDFB895#page=130,no header
prot-200809--063,http://data.riksdagen.se/fil/36F9BB71-A804-4DD9-875C-0F535B3BD206#page=83,no header
prot-200809--080,http://data.riksdagen.se/fil/4E2600D5-D712-467C-A28E-145476FA8688#page=41,no header
prot-200910--033,http://data.riksdagen.se/fil/77574D14-5780-4DC1-A704-24E5024DAEE8#page=44,no header
prot-200910--142,http://data.riksdagen.se/fil/F96CDFE4-775D-4F3F-A509-53FE296F7795#page=41,no header
prot-201011--084,http://data.riksdagen.se/fil/221873D4-23F3-4EA7-8E08-9FAC836933B8#page=85,no header
prot-201112--004,http://data.riksdagen.se/fil/4A90AF9D-B945-4D5C-8056-FB0F7244D37F#page=65,no header
prot-201112--061,http://data.riksdagen.se/fil/A257E215-CAA5-4F54-84AD-D277C3E1D23A#page=59,no header
prot-201112--078,http://data.riksdagen.se/fil/EADCB8DE-7EFF-4885-A760-2ACDBD0DD62F#page=23,no header
prot-201112--098,http://data.riksdagen.se/fil/DC9CB59D-F759-4C35-B65B-E401A40ADC26#page=42,no header
prot-201112--107,http://data.riksdagen.se/fil/C22C8420-9BA4-42B3-85C9-DFAC7BFF1F69#page=2,4 § Anmälan om inkommet protokollsutdrag från utskottet
prot-201112--118,http://data.riksdagen.se/fil/2B0D376F-0554-4E26-A59B-96CAAF052319#page=26,6 § Bordläggning
prot-201112--125,http://data.riksdagen.se/fil/7B3F5DA4-E590-422C-9A1C-63923C79BD0E#page=97,no header
prot-201112--130,http://data.riksdagen.se/fil/79D3B9D4-91FB-47B4-BAC8-748061508014#page=53,no header
prot-201112--137,http://data.riksdagen.se/fil/AFC3F1E9-5D08-4085-88D9-5410D6A316CF#page=36,no header
prot-201213--056,http://data.riksdagen.se/fil/5A54B335-52B7-4E59-A784-CF63C593DDF5#page=11,no header
prot-201213--078,http://data.riksdagen.se/fil/2FD48434-74F1-4EFB-8F18-AA60DC84256D#page=36,no header
prot-201314--026,http://data.riksdagen.se/fil/79064469-23B5-4BA2-8E14-9BBE40469F0C#page=45,no header
prot-201415--014,http://data.riksdagen.se/fil/45B76C22-1CC9-4F91-81C3-AA057C4DDA82#page=3,§ 5 Val av personliga suppleanter i styrelsen för Stiftelsen Riksbankens Jubileumsfond; § 6 Justering av protokoll; § 7 Avsägelse
prot-201415--108,http://data.riksdagen.se/fil/7676CE9D-13F6-4554-9C40-10D8403B1E50#page=28,no header
prot-201415--115,http://data.riksdagen.se/fil/82CEA193-FC9E-4A16-8A63-017FE456D2FD#page=13,no header
prot-201516--111,http://data.riksdagen.se/fil/E8EF2F2A-4B46-469A-8445-FE765426B7EE#page=101,no header
prot-201617--026,http://data.riksdagen.se/fil/7AFAC299-859E-464B-9F2B-09F86A29E165#page=19,no header
prot-201617--067,http://data.riksdagen.se/fil/886B3A55-7B5A-4E71-81CA-9F0DF1BF7E24#page=19,§ 7 Anmälan om faktapromemorior
prot-201617--072,http://data.riksdagen.se/fil/BD209D72-7D38-4784-8D8F-9FE8621531E7#page=141,no header
prot-201617--092,http://data.riksdagen.se/fil/FF3BFB12-F6A0-4567-B5C7-C8FC80E9049F#page=150,no header
prot-201617--104,http://data.riksdagen.se/fil/10C4C40B-52DB-44FA-A287-68415F554CF8#page=84,no header
prot-201617--114,http://data.riksdagen.se/fil/CE9C0159-17EB-4ED7-83F8-D1020108DB9D#page=8,no header
prot-201718--048,http://data.riksdagen.se/fil/494572A3-18D4-4D3A-BF28-B3A50F24D785#page=14,no header
prot-201718--077,http://data.riksdagen.se/fil/08299248-CC51-4733-BCCA-C9FD0217BA4C#page=84,no header
prot-201718--112,http://data.riksdagen.se/fil/D39EA827-B854-4E70-B641-95B729E5A018#page=78,no header
prot-201819--033,http://data.riksdagen.se/fil/D313ED26-8CB8-4DE1-872E-7A784AE6BF0E#page=175,no header
prot-201819--056,http://data.riksdagen.se/fil/E1C90163-5DFD-4A49-8556-C4144E1C8346#page=65,no header
prot-201920--032,http://data.riksdagen.se/fil/396F01C6-F49F-4918-814C-2F7A97190FB8#page=20,no header
prot-201920--096,http://data.riksdagen.se/fil/ED5F6F9E-9F1C-4074-8925-A0CC17E9EFD0#page=4,§ 7
prot-202021--002,http://data.riksdagen.se/fil/DD5933DF-9745-4533-8C8F-FC6131760BE4#page=2,no header
prot-202021--033,http://data.riksdagen.se/fil/64CEDB47-49A2-4E03-A318-6568A3B06AC7#page=62,no header
prot-202021--050,http://data.riksdagen.se/fil/F67778EF-133E-48EA-AECC-9DF306A045D2#page=142,no header
prot-202021--053,http://data.riksdagen.se/fil/A3561C6F-C960-4EE2-97C6-068230B8496B#page=88,no header
prot-202021--062,http://data.riksdagen.se/fil/20CB8BC6-A6E4-4FCD-AE1F-47EEF2A8CC3E#page=19,no header
prot-202021--065,http://data.riksdagen.se/fil/07026335-D2AC-4ADD-9794-0979C26C20B9#page=29,no header
prot-202021--070,http://data.riksdagen.se/fil/ABEBB044-BB5F-443F-A73D-3680D1EE346C#page=22,no header
prot-202021--072,http://data.riksdagen.se/fil/8B8BF716-A191-47E9-9EB8-2DF86195A5B6#page=111,no header
prot-202021--075,http://data.riksdagen.se/fil/BD781131-781A-4F62-867C-8AB058B0341C#page=27,no header
prot-202021--078,http://data.riksdagen.se/fil/D313D085-6832-4829-A506-B3CF3A1299D4#page=8,no header
prot-202021--094,http://data.riksdagen.se/fil/615D8ECC-181F-4366-A1A8-28DF433042B0#page=15,no header
prot-202021--101,http://data.riksdagen.se/fil/1BAD60CF-0637-4AF9-B18A-F0A12039BB3E#page=34,no header
prot-202021--125,http://data.riksdagen.se/fil/4E04F494-D16A-4E17-8BC3-EBBD7D3311BC#page=37,no header
prot-202122--038,http://data.riksdagen.se/fil/876E8A69-85CB-478A-8B7F-A6828C400C38#page=47,no header
prot-202122--077,http://data.riksdagen.se/fil/1EEE2D69-8127-4BBD-8B4C-6B1B9506C1EB#page=22,no header
prot-202122--082,http://data.riksdagen.se/fil/1FBD7531-1AEA-48F5-9B7D-8FB04B4AAB80#page=60,no header
prot-202122--127,http://data.riksdagen.se/fil/BE233C18-549D-4B23-B2F2-11D32AF684CB#page=1,§ 1 Justering av protokoll; § 2 Anmälan om ny riksdagsledamot; § 3 Anmälan om ersättare för statsråd
prot-202122--135,http://data.riksdagen.se/fil/7EAF4631-DAC2-4ED8-AEDB-830B9A6870F3#page=90,no header
prot-202223--011,https://data.riksdagen.se/fil/085D2AB7-74F7-4878-B366-2D0D18978239#page=127,no header
prot-202223--013,http://data.riksdagen.se/fil/2FC533A7-480B-4BAC-BE4A-716D1958CCDC#page=1,§ 1 Justering av protokoll; § 2 Anmälan om ersättare för statsråd; § 3 Anmälan om ersättare; § 4 Avsägelser
prot-202223--024,http://data.riksdagen.se/fil/4542D66C-B553-4F9C-A5CD-F7C0E26C82C5#page=27,§ 9 Bordläggning; § 10 Anmälan om interpellationer
prot-202223--033,http://data.riksdagen.se/fil/08D1995F-D058-4461-8B11-FA1A81BAA675#page=16,no header
prot-202223--037,http://data.riksdagen.se/fil/8324BA06-2F7E-4504-A984-63E5764945D9#page=1,§ 1 Justering av protokoll; § 2 Anmälan om fördröjda svar på interpellationer
prot-202223--058,http://data.riksdagen.se/fil/403D1C00-824E-4182-9BAB-B5271DA8A932#page=1,§ 1 Justering av protokoll; § 2 Meddelande om frågestund; § 3 Meddelande om utrikespolitisk debatt; § 4 Anmälan om subsidiaritetsprövningar; § 5 Anmälan om faktapromemoria
prot-202223--068,http://data.riksdagen.se/fil/4CB8864D-6D81-44B0-A9B0-0C5E6BDD9E44#page=65,no header
prot-202223--079,http://data.riksdagen.se/fil/AB0306E5-EAC0-4A88-A776-C7EFB00E3F70#page=31,no header
prot-202223--093,http://data.riksdagen.se/fil/8C6D467D-6645-4B47-BF6C-61F2FCFB3575#page=1,§ 1 Val om justitieombudsmän; § 2 Justering av protokoll; § 3 Anmälan om kompletteringsval
prot-202223--099,https://data.riksdagen.se/fil/4D50AFA4-A3BE-4913-9BA2-9DFDD8827646#page=52,no header
prot-202223--126,https://data.riksdagen.se/fil/DD8CF1A0-00D7-4FC9-B4E4-6DEF52E35534#page=28,no header